"Time [ms]","CPU usage [%]","GC activity [%]","Size [B]","Used [B]","Total loaded","Shared loaded","Live","Daemon"
"09:43:33.801, 22 de jun. de 2023","0,0","0,0","514.850.816","47.641.400","4.201","0","31","28"
"09:43:34.792, 22 de jun. de 2023","0,5","0,0","514.850.816","47.866.008","4.201","0","31","28"
"09:43:35.793, 22 de jun. de 2023","0,2","0,0","514.850.816","48.090.600","4.201","0","31","28"
"09:43:36.793, 22 de jun. de 2023","0,2","0,0","514.850.816","48.540.816","4.201","0","31","28"
"09:43:37.794, 22 de jun. de 2023","0,4","0,0","514.850.816","48.765.408","4.201","0","31","28"
"09:43:38.794, 22 de jun. de 2023","0,1","0,0","514.850.816","49.214.616","4.201","0","31","28"
"09:43:39.794, 22 de jun. de 2023","7,8","0,0","514.850.816","97.753.120","4.410","0","166","160"
"09:43:40.794, 22 de jun. de 2023","36,0","0,1","514.850.816","131.969.768","4.411","0","221","218"
"09:43:41.794, 22 de jun. de 2023","18,8","0,0","514.850.816","188.517.368","4.412","0","221","218"
"09:43:42.795, 22 de jun. de 2023","20,3","0,2","514.850.816","204.482.776","4.413","0","221","218"
"09:43:43.795, 22 de jun. de 2023","13,3","0,0","514.850.816","206.429.440","4.414","0","221","218"
"09:43:44.795, 22 de jun. de 2023","14,6","0,0","514.850.816","221.112.328","4.414","0","221","218"
"09:43:45.795, 22 de jun. de 2023","9,7","0,0","514.850.816","233.210.064","4.414","0","221","218"
"09:43:46.795, 22 de jun. de 2023","9,3","0,0","514.850.816","237.174.608","4.414","0","221","218"
"09:43:47.795, 22 de jun. de 2023","9,6","0,0","514.850.816","252.304.256","4.414","0","221","218"
"09:43:48.795, 22 de jun. de 2023","9,9","0,0","514.850.816","253.231.016","4.414","0","221","218"
"09:43:49.795, 22 de jun. de 2023","10,1","0,0","514.850.816","268.570.056","4.414","0","221","218"
"09:43:50.795, 22 de jun. de 2023","8,6","0,0","514.850.816","269.275.384","4.414","0","221","218"
"09:43:51.796, 22 de jun. de 2023","7,7","0,0","514.850.816","284.617.656","4.414","0","221","218"
"09:43:52.796, 22 de jun. de 2023","8,0","0,0","514.850.816","285.321.800","4.414","0","221","218"
"09:43:53.796, 22 de jun. de 2023","7,8","0,0","514.850.816","300.073.056","4.414","0","221","218"
"09:43:54.796, 22 de jun. de 2023","7,9","0,0","514.850.816","300.777.208","4.414","0","221","218"
"09:43:55.796, 22 de jun. de 2023","9,0","0,1","514.850.816","198.437.200","4.414","0","221","218"
"09:43:56.797, 22 de jun. de 2023","5,7","0,0","514.850.816","209.141.104","4.414","0","221","218"
"09:43:57.797, 22 de jun. de 2023","0,1","0,0","514.850.816","210.023.176","4.414","0","221","218"
"09:43:58.798, 22 de jun. de 2023","0,0","0,0","514.850.816","210.893.960","4.414","0","221","218"
"09:43:59.798, 22 de jun. de 2023","0,5","0,0","514.850.816","211.775.176","4.414","0","221","218"
"09:44:00.799, 22 de jun. de 2023","0,1","0,0","514.850.816","212.651.096","4.414","0","221","218"
"09:44:01.800, 22 de jun. de 2023","0,2","0,0","514.850.816","213.738.848","4.419","0","221","218"
"09:44:02.800, 22 de jun. de 2023","0,1","0,0","514.850.816","214.609.680","4.419","0","221","218"
"09:44:03.800, 22 de jun. de 2023","0,1","0,0","514.850.816","215.479.472","4.419","0","221","218"
"09:44:04.800, 22 de jun. de 2023","0,1","0,0","514.850.816","216.372.936","4.419","0","221","218"
"09:44:05.801, 22 de jun. de 2023","0,1","0,0","514.850.816","217.242.712","4.419","0","221","218"
"09:44:06.801, 22 de jun. de 2023","0,1","0,0","514.850.816","218.112.568","4.419","0","221","218"
"09:44:07.802, 22 de jun. de 2023","0,1","0,0","514.850.816","219.005.048","4.419","0","221","218"
"09:44:08.802, 22 de jun. de 2023","0,1","0,0","514.850.816","219.897.368","4.420","0","221","218"
"09:44:09.803, 22 de jun. de 2023","0,1","0,0","514.850.816","220.838.928","4.420","0","221","218"
"09:44:10.803, 22 de jun. de 2023","0,1","0,0","514.850.816","221.710.464","4.420","0","221","218"
"09:44:11.804, 22 de jun. de 2023","0,2","0,0","514.850.816","222.627.376","4.422","0","221","218"
"09:44:12.804, 22 de jun. de 2023","9,8","0,0","514.850.816","230.610.744","4.423","0","221","218"
"09:44:13.804, 22 de jun. de 2023","0,1","0,0","514.850.816","231.481.552","4.423","0","221","218"
"09:44:14.805, 22 de jun. de 2023","0,1","0,0","514.850.816","232.351.384","4.423","0","221","218"
"09:44:15.805, 22 de jun. de 2023","0,3","0,0","514.850.816","233.244.720","4.423","0","221","218"
"09:44:16.806, 22 de jun. de 2023","0,1","0,0","514.850.816","234.114.648","4.423","0","221","218"
"09:44:17.806, 22 de jun. de 2023","0,1","0,0","514.850.816","234.985.520","4.423","0","221","218"
"09:44:18.807, 22 de jun. de 2023","0,1","0,0","514.850.816","235.857.584","4.423","0","221","218"
"09:44:19.807, 22 de jun. de 2023","0,1","0,0","514.850.816","236.728.272","4.423","0","221","218"
"09:44:20.808, 22 de jun. de 2023","0,1","0,0","514.850.816","237.599.128","4.423","0","221","218"
"09:44:21.808, 22 de jun. de 2023","0,1","0,0","514.850.816","238.468.928","4.423","0","221","218"
"09:44:22.809, 22 de jun. de 2023","0,2","0,0","514.850.816","239.338.736","4.423","0","221","218"
"09:44:23.809, 22 de jun. de 2023","0,0","0,0","514.850.816","240.263.168","4.423","0","221","218"
"09:44:24.810, 22 de jun. de 2023","0,2","0,0","514.850.816","241.133.056","4.423","0","221","218"
"09:44:25.810, 22 de jun. de 2023","1,0","0,0","514.850.816","242.480.496","4.423","0","221","218"
"09:44:26.811, 22 de jun. de 2023","0,1","0,0","514.850.816","243.350.920","4.423","0","221","218"
"09:44:27.811, 22 de jun. de 2023","0,0","0,0","514.850.816","243.350.920","4.423","0","221","218"
"09:44:28.812, 22 de jun. de 2023","0,2","0,0","514.850.816","244.698.432","4.423","0","221","218"
"09:44:29.812, 22 de jun. de 2023","0,1","0,0","514.850.816","246.274.568","4.423","0","221","218"
"09:44:30.812, 22 de jun. de 2023","0,1","0,0","514.850.816","246.938.160","4.423","0","221","218"
"09:44:31.813, 22 de jun. de 2023","0,2","0,0","514.850.816","246.938.160","4.423","0","221","218"
"09:44:32.813, 22 de jun. de 2023","0,1","0,0","514.850.816","248.503.560","4.426","0","221","218"
"09:44:33.813, 22 de jun. de 2023","0,1","0,0","514.850.816","248.503.560","4.431","0","221","218"
"09:44:34.814, 22 de jun. de 2023","0,0","0,0","514.850.816","250.720.832","4.431","0","221","218"
"09:44:35.814, 22 de jun. de 2023","0,1","0,0","514.850.816","250.720.832","4.431","0","221","218"
"09:44:36.814, 22 de jun. de 2023","0,1","0,0","514.850.816","251.613.256","4.431","0","221","218"
"09:44:37.815, 22 de jun. de 2023","0,0","0,0","514.850.816","252.960.696","4.431","0","221","218"
"09:44:38.815, 22 de jun. de 2023","0,2","0,0","514.850.816","253.178.168","4.431","0","221","218"
"09:44:39.816, 22 de jun. de 2023","0,1","0,0","514.850.816","253.830.520","4.431","0","221","218"
"09:44:40.816, 22 de jun. de 2023","1,5","0,0","514.850.816","254.774.200","4.431","0","221","218"
"09:44:41.816, 22 de jun. de 2023","0,1","0,0","514.850.816","256.776.760","4.431","0","221","218"
"09:44:42.817, 22 de jun. de 2023","0,3","0,0","514.850.816","257.364.368","4.431","0","221","218"
"09:44:43.817, 22 de jun. de 2023","0,1","0,0","514.850.816","258.016.712","4.431","0","221","218"
"09:44:44.817, 22 de jun. de 2023","0,1","0,0","514.850.816","259.582.120","4.431","0","221","218"
"09:44:45.819, 22 de jun. de 2023","0,1","0,0","514.850.816","259.582.120","4.431","0","221","218"
"09:44:46.818, 22 de jun. de 2023","0,0","0,0","514.850.816","260.451.920","4.431","0","221","218"
"09:44:47.819, 22 de jun. de 2023","0,1","0,0","514.850.816","261.115.528","4.431","0","221","218"
"09:44:48.819, 22 de jun. de 2023","0,0","0,0","514.850.816","263.358.088","4.431","0","221","218"
"09:44:49.819, 22 de jun. de 2023","0,2","0,0","514.850.816","264.010.440","4.431","0","221","218"
"09:44:50.819, 22 de jun. de 2023","0,2","0,0","514.850.816","264.228.896","4.431","0","221","218"
"09:44:51.820, 22 de jun. de 2023","0,2","0,0","514.850.816","265.257.048","4.431","0","221","218"
"09:44:52.820, 22 de jun. de 2023","0,0","0,0","514.850.816","266.150.408","4.431","0","221","218"
"09:44:53.820, 22 de jun. de 2023","0,1","0,0","514.850.816","266.802.736","4.431","0","221","218"
"09:44:54.821, 22 de jun. de 2023","0,1","0,0","514.850.816","267.695.568","4.431","0","221","218"
"09:44:55.821, 22 de jun. de 2023","0,0","0,0","514.850.816","269.044.768","4.431","0","221","218"
"09:44:56.821, 22 de jun. de 2023","0,1","0,0","514.850.816","270.620.896","4.431","0","221","218"
"09:44:57.821, 22 de jun. de 2023","0,1","0,0","514.850.816","271.284.520","4.431","0","221","218"
"09:44:58.822, 22 de jun. de 2023","0,0","0,0","514.850.816","272.155.392","4.431","0","221","218"
"09:44:59.822, 22 de jun. de 2023","0,1","0,0","514.850.816","272.155.392","4.431","0","221","218"
"09:45:00.822, 22 de jun. de 2023","0,1","0,0","514.850.816","273.026.216","4.431","0","221","218"
"09:45:01.822, 22 de jun. de 2023","0,1","0,0","514.850.816","274.373.672","4.431","0","221","218"
"09:45:02.822, 22 de jun. de 2023","0,1","0,0","514.850.816","275.292.160","4.431","0","221","218"
"09:45:03.822, 22 de jun. de 2023","0,1","0,0","514.850.816","276.639.600","4.431","0","221","218"
"09:45:04.822, 22 de jun. de 2023","0,1","0,0","514.850.816","277.511.264","4.431","0","221","218"
"09:45:05.822, 22 de jun. de 2023","0,1","0,0","514.850.816","277.511.264","4.431","0","221","218"
"09:45:06.822, 22 de jun. de 2023","0,2","0,0","514.850.816","278.403.672","4.432","0","221","218"
"09:45:07.823, 22 de jun. de 2023","0,1","0,0","514.850.816","279.751.128","4.432","0","221","218"
"09:45:08.823, 22 de jun. de 2023","0,1","0,0","514.850.816","280.621.960","4.432","0","221","218"
"09:45:09.823, 22 de jun. de 2023","0,1","0,0","514.850.816","280.621.960","4.432","0","221","218"
"09:45:10.823, 22 de jun. de 2023","0,0","0,0","514.850.816","282.186.880","4.432","0","221","218"
"09:45:11.824, 22 de jun. de 2023","0,1","0,0","514.850.816","283.534.320","4.432","0","221","218"
"09:45:12.824, 22 de jun. de 2023","0,5","0,0","514.850.816","283.751.776","4.435","0","31","28"
"09:45:13.824, 22 de jun. de 2023","0,0","0,0","514.850.816","283.751.776","4.435","0","31","28"
"09:45:14.825, 22 de jun. de 2023","0,1","0,0","514.850.816","283.970.232","4.436","0","31","28"
"09:45:15.825, 22 de jun. de 2023","0,0","0,0","514.850.816","284.187.688","4.436","0","31","28"
"09:45:16.826, 22 de jun. de 2023","0,1","0,0","514.850.816","284.187.688","4.436","0","31","28"
"09:45:17.826, 22 de jun. de 2023","0,1","0,0","514.850.816","284.405.128","4.436","0","31","28"
"09:45:18.826, 22 de jun. de 2023","0,0","0,0","514.850.816","284.622.640","4.436","0","31","28"
"09:45:19.827, 22 de jun. de 2023","0,1","0,0","514.850.816","285.970.088","4.436","0","31","28"
"09:45:20.827, 22 de jun. de 2023","0,1","0,0","514.850.816","286.188.544","4.436","0","31","28"
"09:45:21.828, 22 de jun. de 2023","0,0","0,0","514.850.816","286.188.544","4.436","0","31","28"
"09:45:22.828, 22 de jun. de 2023","0,2","0,0","514.850.816","286.624.456","4.436","0","31","28"
"09:45:23.828, 22 de jun. de 2023","0,0","0,0","514.850.816","286.624.456","4.436","0","31","28"
"09:45:24.828, 22 de jun. de 2023","0,0","0,0","514.850.816","286.624.456","4.436","0","31","28"
"09:45:25.828, 22 de jun. de 2023","0,1","0,0","514.850.816","286.841.928","4.436","0","31","28"
"09:45:26.829, 22 de jun. de 2023","0,0","0,0","514.850.816","287.059.872","4.436","0","31","28"
"09:45:27.829, 22 de jun. de 2023","0,0","0,0","514.850.816","288.627.168","4.436","0","31","28"
"09:45:28.829, 22 de jun. de 2023","0,1","0,0","514.850.816","288.844.640","4.436","0","31","28"
"09:45:29.830, 22 de jun. de 2023","0,1","0,0","514.850.816","288.844.640","4.436","0","31","28"
"09:45:30.830, 22 de jun. de 2023","0,1","0,0","514.850.816","289.110.728","4.436","0","31","28"
"09:45:31.830, 22 de jun. de 2023","0,1","0,0","514.850.816","289.328.208","4.436","0","31","28"
"09:45:32.830, 22 de jun. de 2023","0,2","0,0","514.850.816","289.328.208","4.439","0","31","28"
"09:45:33.830, 22 de jun. de 2023","0,0","0,0","514.850.816","289.545.664","4.439","0","31","28"
"09:45:34.830, 22 de jun. de 2023","0,1","0,0","514.850.816","289.545.664","4.440","0","31","28"
"09:45:35.831, 22 de jun. de 2023","0,0","0,0","514.850.816","289.764.120","4.440","0","31","28"
"09:45:36.831, 22 de jun. de 2023","0,3","0,0","514.850.816","291.329.080","4.440","0","31","28"
"09:45:37.831, 22 de jun. de 2023","0,2","0,0","514.850.816","291.546.536","4.440","0","31","28"
"09:45:38.831, 22 de jun. de 2023","0,1","0,0","514.850.816","291.763.976","4.440","0","31","28"
"09:45:39.832, 22 de jun. de 2023","0,0","0,0","514.850.816","291.981.920","4.440","0","31","28"
"09:45:40.832, 22 de jun. de 2023","0,1","0,0","514.850.816","292.199.456","4.440","0","31","28"
"09:45:41.832, 22 de jun. de 2023","0,1","0,0","514.850.816","292.199.456","4.440","0","31","28"
"09:45:42.832, 22 de jun. de 2023","7,3","0,0","514.850.816","297.599.040","4.440","0","221","218"
"09:45:43.833, 22 de jun. de 2023","9,9","0,0","514.850.816","314.604.000","4.440","0","221","218"
"09:45:44.833, 22 de jun. de 2023","12,6","0,1","511.705.088","202.171.384","4.440","0","221","218"
"09:45:45.833, 22 de jun. de 2023","9,3","0,0","511.705.088","228.556.376","4.440","0","221","218"
"09:45:46.833, 22 de jun. de 2023","8,7","0,0","511.705.088","238.496.656","4.440","0","221","218"
"09:45:47.833, 22 de jun. de 2023","9,4","0,0","511.705.088","246.757.760","4.440","0","221","218"
"09:45:48.833, 22 de jun. de 2023","9,1","0,0","511.705.088","256.432.632","4.440","0","221","218"
"09:45:49.834, 22 de jun. de 2023","9,3","0,0","511.705.088","265.510.104","4.440","0","221","218"
"09:45:50.834, 22 de jun. de 2023","9,4","0,0","511.705.088","275.192.744","4.440","0","221","218"
"09:45:51.834, 22 de jun. de 2023","10,0","0,0","511.705.088","285.421.936","4.440","0","221","218"
"09:45:52.834, 22 de jun. de 2023","9,8","0,0","511.705.088","294.363.848","4.440","0","221","218"
"09:45:53.834, 22 de jun. de 2023","8,0","0,0","511.705.088","303.379.352","4.440","0","221","218"
"09:45:54.834, 22 de jun. de 2023","7,7","0,0","511.705.088","311.846.008","4.440","0","221","218"
"09:45:55.834, 22 de jun. de 2023","8,8","0,1","591.396.864","215.201.904","4.440","0","221","218"
"09:45:56.835, 22 de jun. de 2023","8,6","0,0","591.396.864","224.561.400","4.440","0","221","218"
"09:45:57.835, 22 de jun. de 2023","8,1","0,0","591.396.864","232.818.360","4.440","0","221","218"
"09:45:58.835, 22 de jun. de 2023","7,6","0,0","591.396.864","242.345.512","4.440","0","221","218"
"09:45:59.835, 22 de jun. de 2023","3,8","0,0","591.396.864","247.683.192","4.440","0","221","218"
"09:46:00.836, 22 de jun. de 2023","0,1","0,0","591.396.864","248.676.496","4.440","0","221","218"
"09:46:01.836, 22 de jun. de 2023","0,2","0,0","591.396.864","249.337.408","4.440","0","221","218"
"09:46:02.836, 22 de jun. de 2023","0,5","0,0","591.396.864","250.019.320","4.440","0","221","218"
"09:46:03.836, 22 de jun. de 2023","0,2","0,0","591.396.864","251.405.672","4.440","0","221","218"
"09:46:04.836, 22 de jun. de 2023","0,1","0,0","591.396.864","252.397.192","4.440","0","221","218"
"09:46:05.837, 22 de jun. de 2023","0,1","0,0","591.396.864","253.058.096","4.440","0","221","218"
"09:46:06.837, 22 de jun. de 2023","0,1","0,0","591.396.864","254.050.496","4.440","0","221","218"
"09:46:07.837, 22 de jun. de 2023","0,6","0,0","591.396.864","254.732.392","4.440","0","221","218"
"09:46:08.837, 22 de jun. de 2023","0,2","0,0","591.396.864","255.393.288","4.440","0","221","218"
"09:46:09.837, 22 de jun. de 2023","0,7","0,0","591.396.864","256.408.312","4.440","0","221","218"
"09:46:10.837, 22 de jun. de 2023","2,2","0,0","591.396.864","257.090.200","4.440","0","221","218"
"09:46:11.837, 22 de jun. de 2023","0,0","0,0","591.396.864","258.433.520","4.440","0","221","218"
"09:46:12.837, 22 de jun. de 2023","0,1","0,0","591.396.864","259.424.904","4.440","0","221","218"
"09:46:13.838, 22 de jun. de 2023","0,1","0,0","591.396.864","260.085.824","4.440","0","221","218"
"09:46:14.838, 22 de jun. de 2023","0,0","0,0","591.396.864","260.767.728","4.440","0","221","218"
"09:46:15.838, 22 de jun. de 2023","3,6","0,0","591.396.864","270.539.408","4.440","0","221","218"
"09:46:16.839, 22 de jun. de 2023","0,0","0,0","591.396.864","271.553.288","4.440","0","221","218"
"09:46:17.839, 22 de jun. de 2023","0,1","0,0","591.396.864","272.217.008","4.440","0","221","218"
"09:46:18.839, 22 de jun. de 2023","0,0","0,0","591.396.864","272.877.904","4.440","0","221","218"
"09:46:19.840, 22 de jun. de 2023","0,1","0,0","591.396.864","274.593.216","4.440","0","221","218"
"09:46:20.840, 22 de jun. de 2023","0,0","0,0","591.396.864","275.254.104","4.440","0","221","218"
"09:46:21.841, 22 de jun. de 2023","0,1","0,0","591.396.864","275.915.032","4.440","0","221","218"
"09:46:22.841, 22 de jun. de 2023","0,1","0,0","591.396.864","276.907.416","4.440","0","221","218"
"09:46:23.842, 22 de jun. de 2023","0,1","0,0","591.396.864","277.579.632","4.440","0","221","218"
"09:46:24.843, 22 de jun. de 2023","0,1","0,0","591.396.864","278.240.560","4.440","0","221","218"
"09:46:25.843, 22 de jun. de 2023","0,1","0,0","591.396.864","279.232.424","4.440","0","221","218"
"09:46:26.843, 22 de jun. de 2023","0,0","0,0","591.396.864","279.904.592","4.440","0","221","218"
"09:46:27.843, 22 de jun. de 2023","0,0","0,0","591.396.864","281.247.424","4.440","0","221","218"
"09:46:28.843, 22 de jun. de 2023","0,1","0,0","591.396.864","281.940.568","4.440","0","221","218"
"09:46:29.844, 22 de jun. de 2023","0,1","0,0","591.396.864","282.931.920","4.440","0","221","218"
"09:46:30.844, 22 de jun. de 2023","0,5","0,0","591.396.864","283.613.824","4.440","0","221","218"
"09:46:31.844, 22 de jun. de 2023","0,1","0,0","591.396.864","284.274.760","4.440","0","221","218"
"09:46:32.845, 22 de jun. de 2023","0,1","0,0","591.396.864","285.267.128","4.440","0","221","218"
"09:46:33.845, 22 de jun. de 2023","0,2","0,0","591.396.864","285.949.032","4.440","0","221","218"
"09:46:34.845, 22 de jun. de 2023","0,1","0,0","591.396.864","286.609.944","4.440","0","221","218"
"09:46:35.845, 22 de jun. de 2023","0,0","0,0","591.396.864","288.288.880","4.440","0","221","218"
"09:46:36.845, 22 de jun. de 2023","0,1","0,0","591.396.864","288.970.768","4.440","0","221","218"
"09:46:37.845, 22 de jun. de 2023","0,3","0,0","591.396.864","289.631.704","4.440","0","221","218"
"09:46:38.846, 22 de jun. de 2023","0,0","0,0","591.396.864","290.623.120","4.440","0","221","218"
"09:46:39.846, 22 de jun. de 2023","0,2","0,0","591.396.864","291.305.024","4.440","0","221","218"
"09:46:40.847, 22 de jun. de 2023","0,0","0,0","591.396.864","291.965.960","4.440","0","221","218"
"09:46:41.847, 22 de jun. de 2023","4,4","0,7","516.423.680","162.008.464","4.440","0","222","219"
"09:46:42.848, 22 de jun. de 2023","0,5","0,0","516.423.680","163.653.824","4.440","0","222","219"
"09:46:43.848, 22 de jun. de 2023","0,1","0,0","516.423.680","164.464.032","4.440","0","222","219"
"09:46:44.848, 22 de jun. de 2023","0,3","0,0","516.423.680","165.271.600","4.440","0","222","219"
"09:46:45.848, 22 de jun. de 2023","0,1","0,0","516.423.680","166.061.248","4.440","0","222","219"
"09:46:46.849, 22 de jun. de 2023","0,1","0,0","516.423.680","167.267.920","4.440","0","222","219"
"09:46:47.849, 22 de jun. de 2023","0,3","0,0","516.423.680","168.083.928","4.440","0","222","219"
"09:46:48.850, 22 de jun. de 2023","0,1","0,0","516.423.680","168.750.048","4.440","0","222","219"
"09:46:49.850, 22 de jun. de 2023","0,1","0,0","516.423.680","169.545.792","4.440","0","222","219"
"09:46:50.850, 22 de jun. de 2023","0,1","0,0","516.423.680","170.954.168","4.440","0","222","219"
"09:46:51.850, 22 de jun. de 2023","0,3","0,0","516.423.680","171.592.912","4.440","0","222","219"
"09:46:52.851, 22 de jun. de 2023","0,1","0,0","516.423.680","172.256.296","4.440","0","222","219"
"09:46:53.851, 22 de jun. de 2023","0,0","0,0","516.423.680","173.060.696","4.440","0","222","219"
"09:46:54.851, 22 de jun. de 2023","0,1","0,0","516.423.680","174.448.952","4.440","0","222","219"
"09:46:55.851, 22 de jun. de 2023","0,0","0,0","516.423.680","175.086.184","4.440","0","222","219"
"09:46:56.852, 22 de jun. de 2023","0,1","0,0","516.423.680","175.891.904","4.440","0","222","219"
"09:46:57.852, 22 de jun. de 2023","0,0","0,0","516.423.680","176.715.232","4.440","0","222","219"
"09:46:58.852, 22 de jun. de 2023","0,3","0,0","516.423.680","177.972.136","4.440","0","222","219"
"09:46:59.852, 22 de jun. de 2023","0,0","0,0","516.423.680","178.638.824","4.440","0","222","219"
"09:47:00.853, 22 de jun. de 2023","0,1","0,0","516.423.680","179.431.088","4.440","0","222","219"
"09:47:01.853, 22 de jun. de 2023","0,0","0,0","516.423.680","180.234.704","4.440","0","222","219"
"09:47:02.853, 22 de jun. de 2023","0,1","0,0","516.423.680","181.029.128","4.440","0","222","219"
"09:47:03.853, 22 de jun. de 2023","0,1","0,0","516.423.680","182.273.152","4.440","0","222","219"
"09:47:04.854, 22 de jun. de 2023","0,0","0,0","516.423.680","183.074.328","4.440","0","222","219"
"09:47:05.854, 22 de jun. de 2023","0,1","0,0","516.423.680","183.882.656","4.440","0","222","219"
"09:47:06.855, 22 de jun. de 2023","0,0","0,0","516.423.680","184.534.832","4.440","0","222","219"
"09:47:07.855, 22 de jun. de 2023","0,2","0,0","516.423.680","185.933.272","4.440","0","222","219"
"09:47:08.855, 22 de jun. de 2023","0,0","0,0","516.423.680","186.740.992","4.440","0","222","219"
"09:47:09.855, 22 de jun. de 2023","0,1","0,0","516.423.680","187.788.648","4.440","0","222","219"
"09:47:10.855, 22 de jun. de 2023","0,1","0,0","516.423.680","188.592.624","4.440","0","222","219"
"09:47:11.855, 22 de jun. de 2023","0,0","0,0","516.423.680","189.380.440","4.440","0","222","219"
"09:47:12.856, 22 de jun. de 2023","0,1","0,0","516.423.680","190.196.168","4.440","0","222","219"
"09:47:13.856, 22 de jun. de 2023","0,1","0,0","516.423.680","191.476.888","4.440","0","222","219"
"09:47:14.856, 22 de jun. de 2023","0,1","0,0","516.423.680","192.256.552","4.440","0","222","219"
"09:47:15.856, 22 de jun. de 2023","0,5","0,0","516.423.680","194.260.632","4.440","0","32","29"
"09:47:16.857, 22 de jun. de 2023","0,0","0,0","516.423.680","194.488.928","4.440","0","32","29"
"09:47:17.857, 22 de jun. de 2023","0,1","0,0","516.423.680","194.584.912","4.440","0","32","29"
"09:47:18.857, 22 de jun. de 2023","0,1","0,0","516.423.680","195.374.440","4.440","0","32","29"
"09:47:19.857, 22 de jun. de 2023","0,0","0,0","516.423.680","195.583.848","4.440","0","32","29"
"09:47:20.857, 22 de jun. de 2023","0,0","0,0","516.423.680","195.668.056","4.440","0","32","29"
"09:47:21.858, 22 de jun. de 2023","0,1","0,0","516.423.680","195.767.232","4.440","0","32","29"
"09:47:22.858, 22 de jun. de 2023","0,0","0,0","516.423.680","196.574.152","4.440","0","32","29"
"09:47:23.858, 22 de jun. de 2023","0,3","0,0","516.423.680","196.792.128","4.440","0","32","29"
"09:47:24.858, 22 de jun. de 2023","0,0","0,0","516.423.680","196.860.472","4.440","0","32","29"
"09:47:25.858, 22 de jun. de 2023","0,0","0,0","516.423.680","197.083.544","4.440","0","32","29"
"09:47:26.859, 22 de jun. de 2023","0,1","0,0","516.423.680","197.290.240","4.440","0","32","29"
"09:47:27.859, 22 de jun. de 2023","0,0","0,0","516.423.680","198.092.928","4.440","0","32","29"
"09:47:28.860, 22 de jun. de 2023","0,0","0,0","516.423.680","198.187.912","4.440","0","32","29"
"09:47:29.860, 22 de jun. de 2023","0,0","0,0","516.423.680","198.422.240","4.440","0","32","29"
"09:47:30.860, 22 de jun. de 2023","0,1","0,0","516.423.680","198.504.744","4.440","0","32","29"
"09:47:31.860, 22 de jun. de 2023","0,0","0,0","516.423.680","199.345.024","4.440","0","32","29"
"09:47:32.860, 22 de jun. de 2023","0,1","0,0","516.423.680","199.386.104","4.440","0","32","29"
"09:47:33.860, 22 de jun. de 2023","0,0","0,0","516.423.680","199.621.888","4.440","0","32","29"
"09:47:34.860, 22 de jun. de 2023","0,1","0,0","516.423.680","199.873.328","4.440","0","32","29"
"09:47:35.861, 22 de jun. de 2023","0,0","0,0","516.423.680","200.526.008","4.440","0","32","29"
"09:47:36.861, 22 de jun. de 2023","0,1","0,0","516.423.680","200.582.864","4.440","0","32","29"
"09:47:37.861, 22 de jun. de 2023","0,0","0,0","516.423.680","201.207.776","4.440","0","32","29"
"09:47:38.861, 22 de jun. de 2023","0,1","0,0","516.423.680","201.473.648","4.440","0","32","29"
"09:47:39.861, 22 de jun. de 2023","0,0","0,0","516.423.680","201.515.248","4.440","0","32","29"
"09:47:40.861, 22 de jun. de 2023","0,1","0,0","516.423.680","201.737.376","4.440","0","32","29"
"09:47:41.861, 22 de jun. de 2023","0,0","0,0","516.423.680","202.069.088","4.440","0","32","29"
"09:47:42.862, 22 de jun. de 2023","0,1","0,0","516.423.680","202.705.320","4.440","0","32","29"
"09:47:43.863, 22 de jun. de 2023","0,1","0,0","516.423.680","202.916.088","4.440","0","32","29"
"09:47:44.863, 22 de jun. de 2023","0,0","0,0","516.423.680","203.148.456","4.440","0","32","29"
"09:47:45.863, 22 de jun. de 2023","4,1","0,0","516.423.680","211.342.824","4.440","0","222","219"
"09:47:46.863, 22 de jun. de 2023","7,6","0,0","516.423.680","225.642.944","4.440","0","222","219"
"09:47:47.863, 22 de jun. de 2023","8,1","0,0","516.423.680","242.074.696","4.440","0","222","219"
"09:47:48.863, 22 de jun. de 2023","7,6","0,0","516.423.680","264.798.040","4.440","0","222","219"
"09:47:49.863, 22 de jun. de 2023","8,5","0,0","516.423.680","275.882.080","4.440","0","222","219"
"09:47:50.863, 22 de jun. de 2023","9,6","0,0","516.423.680","285.797.096","4.440","0","222","219"
"09:47:51.863, 22 de jun. de 2023","9,7","0,3","585.629.696","199.645.552","4.440","0","222","219"
"09:47:52.864, 22 de jun. de 2023","9,3","0,0","585.629.696","209.215.528","4.440","0","222","219"
"09:47:53.864, 22 de jun. de 2023","9,5","0,0","585.629.696","218.283.712","4.440","0","222","219"
"09:47:54.864, 22 de jun. de 2023","9,6","0,0","585.629.696","228.055.216","4.440","0","222","219"
"09:47:55.864, 22 de jun. de 2023","9,6","0,0","585.629.696","237.607.136","4.440","0","222","219"
"09:47:56.864, 22 de jun. de 2023","7,7","0,0","585.629.696","246.390.392","4.440","0","222","219"
"09:47:57.864, 22 de jun. de 2023","8,0","0,0","585.629.696","256.169.088","4.440","0","222","219"
"09:47:58.864, 22 de jun. de 2023","7,8","0,0","585.629.696","265.917.464","4.440","0","222","219"
"09:47:59.864, 22 de jun. de 2023","8,3","0,0","585.629.696","275.426.568","4.440","0","222","219"
"09:48:00.864, 22 de jun. de 2023","8,3","0,0","585.629.696","283.321.496","4.440","0","222","219"
"09:48:01.864, 22 de jun. de 2023","7,8","0,0","585.629.696","292.524.040","4.440","0","222","219"
"09:48:02.865, 22 de jun. de 2023","2,6","0,0","585.629.696","296.917.952","4.440","0","222","219"
"09:48:03.865, 22 de jun. de 2023","0,0","0,0","585.629.696","297.702.512","4.440","0","222","219"
"09:48:04.865, 22 de jun. de 2023","0,1","0,0","585.629.696","298.489.072","4.440","0","222","219"
"09:48:05.866, 22 de jun. de 2023","0,1","0,0","585.629.696","299.278.176","4.440","0","222","219"
"09:48:06.866, 22 de jun. de 2023","0,1","0,0","585.629.696","300.493.520","4.440","0","222","219"
"09:48:07.867, 22 de jun. de 2023","0,0","0,0","585.629.696","301.279.112","4.440","0","222","219"
"09:48:08.867, 22 de jun. de 2023","0,1","0,0","585.629.696","302.221.208","4.440","0","222","219"
"09:48:09.867, 22 de jun. de 2023","0,1","0,0","585.629.696","302.692.272","4.440","0","222","219"
"09:48:10.868, 22 de jun. de 2023","0,0","0,0","585.629.696","304.286.896","4.440","0","221","218"
"09:48:11.868, 22 de jun. de 2023","0,1","0,0","585.629.696","305.082.648","4.440","0","221","218"
"09:48:12.868, 22 de jun. de 2023","0,1","0,0","585.629.696","305.872.920","4.440","0","221","218"
"09:48:13.869, 22 de jun. de 2023","0,1","0,0","585.629.696","306.860.216","4.440","0","221","218"
"09:48:14.869, 22 de jun. de 2023","0,0","0,0","585.629.696","307.593.848","4.440","0","221","218"
"09:48:15.869, 22 de jun. de 2023","0,1","0,0","585.629.696","308.536.368","4.440","0","221","218"
"09:48:16.870, 22 de jun. de 2023","0,1","0,0","585.629.696","309.377.208","4.440","0","221","218"
"09:48:17.870, 22 de jun. de 2023","0,0","0,0","585.629.696","310.161.752","4.440","0","221","218"
"09:48:18.870, 22 de jun. de 2023","3,6","0,0","512.753.664","195.393.960","4.440","0","221","218"
"09:48:19.871, 22 de jun. de 2023","0,1","0,0","512.753.664","196.362.984","4.440","0","221","218"
"09:48:20.871, 22 de jun. de 2023","0,1","0,0","512.753.664","197.134.096","4.440","0","221","218"
"09:48:21.872, 22 de jun. de 2023","0,1","0,0","512.753.664","198.015.280","4.440","0","221","218"
"09:48:22.872, 22 de jun. de 2023","0,0","0,0","512.753.664","198.753.912","4.440","0","221","218"
"09:48:23.872, 22 de jun. de 2023","0,1","0,0","512.753.664","199.849.064","4.440","0","221","218"
"09:48:24.872, 22 de jun. de 2023","0,1","0,0","512.753.664","200.575.088","4.440","0","221","218"
"09:48:25.872, 22 de jun. de 2023","0,0","0,0","512.753.664","201.660.736","4.440","0","221","218"
"09:48:26.873, 22 de jun. de 2023","0,1","0,0","512.753.664","202.405.056","4.440","0","221","218"
"09:48:27.873, 22 de jun. de 2023","0,0","0,0","512.753.664","203.144.152","4.440","0","221","218"
"09:48:28.874, 22 de jun. de 2023","0,1","0,0","512.753.664","204.124.304","4.440","0","221","218"
"09:48:29.874, 22 de jun. de 2023","0,0","0,0","512.753.664","205.231.472","4.440","0","221","218"
"09:48:30.875, 22 de jun. de 2023","0,1","0,0","512.753.664","205.964.408","4.440","0","221","218"
"09:48:31.875, 22 de jun. de 2023","0,2","0,0","512.753.664","206.690.464","4.440","0","221","218"
"09:48:32.876, 22 de jun. de 2023","0,1","0,0","512.753.664","207.658.504","4.440","0","221","218"
"09:48:33.876, 22 de jun. de 2023","0,1","0,0","512.753.664","208.396.664","4.440","0","221","218"
"09:48:34.876, 22 de jun. de 2023","0,1","0,0","512.753.664","209.510.928","4.440","0","221","218"
"09:48:35.877, 22 de jun. de 2023","0,0","0,0","512.753.664","210.249.008","4.440","0","221","218"
"09:48:36.877, 22 de jun. de 2023","0,1","0,0","512.753.664","211.217.520","4.440","0","221","218"
"09:48:37.877, 22 de jun. de 2023","0,1","0,0","512.753.664","211.955.600","4.440","0","221","218"
"09:48:38.877, 22 de jun. de 2023","0,0","0,0","512.753.664","212.701.128","4.440","0","221","218"
"09:48:39.878, 22 de jun. de 2023","0,1","0,0","512.753.664","213.682.216","4.440","0","221","218"
"09:48:40.878, 22 de jun. de 2023","0,0","0,0","512.753.664","214.420.360","4.440","0","221","218"
"09:48:41.878, 22 de jun. de 2023","0,1","0,0","512.753.664","215.191.992","4.440","0","221","218"
"09:48:42.878, 22 de jun. de 2023","0,2","0,0","512.753.664","216.438.024","4.440","0","221","218"
"09:48:43.879, 22 de jun. de 2023","0,0","0,0","512.753.664","217.419.120","4.440","0","221","218"
"09:48:44.879, 22 de jun. de 2023","0,1","0,0","512.753.664","218.145.152","4.440","0","221","218"
"09:48:45.879, 22 de jun. de 2023","0,0","0,0","512.753.664","218.883.248","4.440","0","221","218"
"09:48:46.879, 22 de jun. de 2023","0,1","0,0","512.753.664","219.870.368","4.440","0","221","218"
"09:48:47.880, 22 de jun. de 2023","0,1","0,0","512.753.664","220.641.504","4.440","0","221","218"
"09:48:48.880, 22 de jun. de 2023","0,0","0,0","512.753.664","221.748.648","4.440","0","221","218"
"09:48:49.880, 22 de jun. de 2023","0,0","0,0","512.753.664","222.485.968","4.440","0","221","218"
"09:48:50.880, 22 de jun. de 2023","0,1","0,0","512.753.664","223.219.040","4.440","0","221","218"
"09:48:51.880, 22 de jun. de 2023","0,1","0,0","512.753.664","223.957.248","4.440","0","221","218"
"09:48:52.880, 22 de jun. de 2023","0,0","0,0","512.753.664","224.937.304","4.440","0","221","218"
"09:48:53.881, 22 de jun. de 2023","0,1","0,0","512.753.664","225.682.328","4.440","0","221","218"
"09:48:54.881, 22 de jun. de 2023","0,0","0,0","512.753.664","226.780.184","4.440","0","221","218"
"09:48:55.881, 22 de jun. de 2023","0,1","0,0","512.753.664","227.782.816","4.440","0","221","218"
"09:48:56.882, 22 de jun. de 2023","0,0","0,0","512.753.664","228.520.896","4.440","0","221","218"
"09:48:57.882, 22 de jun. de 2023","0,1","0,0","512.753.664","229.277.184","4.440","0","221","218"
"09:48:58.882, 22 de jun. de 2023","0,1","0,0","512.753.664","230.004.232","4.440","0","221","218"
"09:48:59.882, 22 de jun. de 2023","0,1","0,0","512.753.664","230.972.264","4.440","0","221","218"
"09:49:00.882, 22 de jun. de 2023","0,0","0,0","512.753.664","232.087.376","4.440","0","221","218"
"09:49:01.882, 22 de jun. de 2023","0,1","0,0","512.753.664","232.853.432","4.440","0","221","218"
"09:49:02.883, 22 de jun. de 2023","0,1","0,0","512.753.664","233.879.192","4.440","0","221","218"
"09:49:03.883, 22 de jun. de 2023","0,1","0,0","512.753.664","234.650.336","4.440","0","221","218"
"09:49:04.883, 22 de jun. de 2023","0,0","0,0","512.753.664","235.395.360","4.440","0","221","218"
"09:49:05.884, 22 de jun. de 2023","0,1","0,0","512.753.664","236.134.840","4.440","0","221","218"
"09:49:06.884, 22 de jun. de 2023","0,1","0,0","512.753.664","237.114.944","4.440","0","221","218"
"09:49:07.884, 22 de jun. de 2023","0,1","0,0","512.753.664","237.853.040","4.440","0","221","218"
"09:49:08.884, 22 de jun. de 2023","0,1","0,0","512.753.664","238.598.112","4.440","0","221","218"
"09:49:09.885, 22 de jun. de 2023","0,1","0,0","512.753.664","239.567.176","4.440","0","221","218"
"09:49:10.885, 22 de jun. de 2023","0,0","0,0","512.753.664","240.674.808","4.440","0","221","218"
"09:49:11.885, 22 de jun. de 2023","0,1","0,0","512.753.664","241.435.480","4.440","0","221","218"
"09:49:12.886, 22 de jun. de 2023","0,1","0,0","512.753.664","242.168.936","4.440","0","221","218"
"09:49:13.886, 22 de jun. de 2023","0,0","0,0","512.753.664","243.152.848","4.440","0","221","218"
"09:49:14.887, 22 de jun. de 2023","0,1","0,0","512.753.664","243.893.736","4.440","0","221","218"
"09:49:15.887, 22 de jun. de 2023","0,0","0,0","512.753.664","244.620.320","4.440","0","221","218"
"09:49:16.887, 22 de jun. de 2023","0,1","0,0","512.753.664","245.595.272","4.440","0","221","218"
"09:49:17.888, 22 de jun. de 2023","0,1","0,0","512.753.664","246.333.384","4.440","0","221","218"
"09:49:18.888, 22 de jun. de 2023","0,3","0,0","512.753.664","246.703.432","4.440","0","31","28"
"09:49:19.888, 22 de jun. de 2023","0,0","0,0","512.753.664","246.953.392","4.440","0","31","28"
"09:49:20.889, 22 de jun. de 2023","0,0","0,0","512.753.664","247.195.392","4.440","0","31","28"
"09:49:21.889, 22 de jun. de 2023","0,1","0,0","512.753.664","247.846.432","4.440","0","31","28"
"09:49:22.889, 22 de jun. de 2023","0,0","0,0","512.753.664","247.846.432","4.440","0","31","28"
"09:49:23.889, 22 de jun. de 2023","0,1","0,0","512.753.664","248.088.472","4.440","0","31","28"
"09:49:24.890, 22 de jun. de 2023","0,0","0,0","512.753.664","248.707.472","4.440","0","31","28"
"09:49:25.890, 22 de jun. de 2023","0,0","0,0","512.753.664","249.076.496","4.440","0","31","28"
"09:49:26.890, 22 de jun. de 2023","0,1","0,0","512.753.664","249.076.496","4.440","0","31","28"
"09:49:27.890, 22 de jun. de 2023","0,0","0,0","512.753.664","249.318.504","4.440","0","31","28"
"09:49:28.890, 22 de jun. de 2023","0,0","0,0","512.753.664","249.936.536","4.440","0","31","28"
"09:49:29.891, 22 de jun. de 2023","0,1","0,0","512.753.664","250.306.584","4.440","0","31","28"
"09:49:30.891, 22 de jun. de 2023","0,0","0,0","512.753.664","250.548.600","4.440","0","31","28"
"09:49:31.892, 22 de jun. de 2023","0,1","0,0","512.753.664","250.548.600","4.440","0","31","28"
"09:49:32.892, 22 de jun. de 2023","0,0","0,0","512.753.664","251.167.592","4.440","0","31","28"
"09:49:33.893, 22 de jun. de 2023","0,1","0,0","512.753.664","251.167.592","4.440","0","31","28"
"09:49:34.893, 22 de jun. de 2023","0,0","0,0","512.753.664","251.536.648","4.440","0","31","28"
"09:49:35.893, 22 de jun. de 2023","0,0","0,0","512.753.664","251.778.696","4.440","0","31","28"
"09:49:36.894, 22 de jun. de 2023","0,0","0,0","512.753.664","252.155.672","4.440","0","31","28"
"09:49:37.894, 22 de jun. de 2023","0,1","0,0","512.753.664","252.524.704","4.440","0","31","28"
"09:49:38.894, 22 de jun. de 2023","0,0","0,0","512.753.664","252.766.728","4.440","0","31","28"
"09:49:39.895, 22 de jun. de 2023","0,1","0,0","512.753.664","253.008.744","4.440","0","31","28"
"09:49:40.895, 22 de jun. de 2023","0,1","0,0","512.753.664","253.627.728","4.440","0","31","28"
"09:49:41.896, 22 de jun. de 2023","0,0","0,0","512.753.664","253.667.704","4.440","0","31","28"
"09:49:42.896, 22 de jun. de 2023","0,0","0,0","512.753.664","254.036.736","4.440","0","31","28"
"09:49:43.896, 22 de jun. de 2023","0,1","0,0","512.753.664","254.279.752","4.440","0","31","28"
"09:49:44.897, 22 de jun. de 2023","0,0","0,0","512.753.664","254.529.200","4.440","0","31","28"
"09:49:45.897, 22 de jun. de 2023","0,0","0,0","512.753.664","254.898.264","4.440","0","31","28"
"09:49:46.898, 22 de jun. de 2023","0,1","0,0","512.753.664","255.141.280","4.440","0","31","28"
"09:49:47.898, 22 de jun. de 2023","0,1","0,0","512.753.664","255.517.272","4.440","0","31","28"
"09:49:48.898, 22 de jun. de 2023","5,2","0,0","512.753.664","266.683.104","4.440","0","221","218"
"09:49:49.898, 22 de jun. de 2023","8,0","0,0","512.753.664","279.611.312","4.440","0","221","218"
"09:49:50.898, 22 de jun. de 2023","8,3","0,0","512.753.664","305.807.992","4.440","0","221","218"
"09:49:51.898, 22 de jun. de 2023","8,6","0,1","573.571.072","212.854.072","4.440","0","221","218"
"09:49:52.898, 22 de jun. de 2023","9,2","0,0","573.571.072","222.291.792","4.440","0","221","218"
"09:49:53.898, 22 de jun. de 2023","9,6","0,0","573.571.072","231.893.376","4.440","0","221","218"
"09:49:54.898, 22 de jun. de 2023","9,1","0,0","573.571.072","241.255.576","4.440","0","221","218"
"09:49:55.898, 22 de jun. de 2023","9,2","0,0","573.571.072","251.231.264","4.440","0","221","218"
"09:49:56.899, 22 de jun. de 2023","9,3","0,0","573.571.072","260.062.128","4.440","0","221","218"
"09:49:57.899, 22 de jun. de 2023","9,8","0,0","573.571.072","269.584.376","4.440","0","221","218"
"09:49:58.899, 22 de jun. de 2023","9,5","0,0","573.571.072","278.815.304","4.440","0","221","218"
"09:49:59.899, 22 de jun. de 2023","7,8","0,0","573.571.072","288.860.392","4.440","0","221","218"
"09:50:00.899, 22 de jun. de 2023","7,7","0,0","573.571.072","298.408.656","4.440","0","221","218"
"09:50:01.899, 22 de jun. de 2023","7,7","0,0","573.571.072","307.550.760","4.440","0","221","218"
"09:50:02.899, 22 de jun. de 2023","8,3","0,0","573.571.072","316.587.128","4.440","0","221","218"
"09:50:03.899, 22 de jun. de 2023","8,0","0,0","573.571.072","326.281.656","4.440","0","221","218"
"09:50:04.899, 22 de jun. de 2023","8,3","0,0","477.102.080","212.677.064","4.440","0","221","218"
"09:50:05.899, 22 de jun. de 2023","1,2","0,0","477.102.080","215.724.848","4.440","0","221","218"
"09:50:06.900, 22 de jun. de 2023","0,1","0,0","477.102.080","216.392.184","4.440","0","221","218"
"09:50:07.900, 22 de jun. de 2023","0,0","0,0","477.102.080","217.160.128","4.440","0","221","218"
"09:50:08.900, 22 de jun. de 2023","0,1","0,0","477.102.080","218.403.176","4.440","0","221","218"
"09:50:09.901, 22 de jun. de 2023","0,1","0,0","477.102.080","219.215.264","4.440","0","221","218"
"09:50:10.901, 22 de jun. de 2023","0,0","0,0","477.102.080","219.978.544","4.440","0","221","218"
"09:50:11.901, 22 de jun. de 2023","0,1","0,0","477.102.080","220.784.696","4.440","0","221","218"
"09:50:12.902, 22 de jun. de 2023","0,1","0,0","477.102.080","221.878.496","4.440","0","221","218"
"09:50:13.902, 22 de jun. de 2023","0,1","0,0","477.102.080","222.551.432","4.440","0","221","218"
"09:50:14.903, 22 de jun. de 2023","0,0","0,0","477.102.080","223.213.200","4.440","0","221","218"
"09:50:15.903, 22 de jun. de 2023","0,1","0,0","477.102.080","224.455.768","4.440","0","221","218"
"09:50:16.903, 22 de jun. de 2023","0,0","0,0","477.102.080","225.222.688","4.440","0","221","218"
"09:50:17.903, 22 de jun. de 2023","0,1","0,0","477.102.080","226.031.056","4.440","0","221","218"
"09:50:18.904, 22 de jun. de 2023","0,1","0,0","477.102.080","226.843.088","4.440","0","221","218"
"09:50:19.904, 22 de jun. de 2023","0,0","0,0","477.102.080","227.610.008","4.440","0","221","218"
"09:50:20.904, 22 de jun. de 2023","0,1","0,0","477.102.080","228.621.160","4.440","0","221","218"
"09:50:21.905, 22 de jun. de 2023","3,2","0,0","477.102.080","238.463.024","4.440","0","221","218"
"09:50:22.905, 22 de jun. de 2023","0,1","0,0","477.102.080","239.375.560","4.440","0","221","218"
"09:50:23.906, 22 de jun. de 2023","0,0","0,0","477.102.080","240.143.480","4.440","0","221","218"
"09:50:24.906, 22 de jun. de 2023","0,1","0,0","477.102.080","241.179.352","4.440","0","221","218"
"09:50:25.906, 22 de jun. de 2023","0,0","0,0","477.102.080","241.837.392","4.440","0","221","218"
"09:50:26.907, 22 de jun. de 2023","0,1","0,0","477.102.080","242.859.736","4.440","0","221","218"
"09:50:27.907, 22 de jun. de 2023","0,0","0,0","477.102.080","243.517.880","4.440","0","221","218"
"09:50:28.908, 22 de jun. de 2023","0,0","0,0","477.102.080","244.508.584","4.440","0","221","218"
"09:50:29.908, 22 de jun. de 2023","0,2","0,0","477.102.080","245.281.184","4.440","0","221","218"
"09:50:30.908, 22 de jun. de 2023","0,0","0,0","477.102.080","246.194.680","4.440","0","221","218"
"09:50:31.908, 22 de jun. de 2023","0,1","0,0","477.102.080","247.307.976","4.440","0","221","218"
"09:50:32.909, 22 de jun. de 2023","0,1","0,0","477.102.080","247.971.664","4.440","0","221","218"
"09:50:33.909, 22 de jun. de 2023","0,0","0,0","477.102.080","248.633.384","4.440","0","221","218"
"09:50:34.909, 22 de jun. de 2023","0,1","0,0","477.102.080","249.726.040","4.440","0","221","218"
"09:50:35.909, 22 de jun. de 2023","0,0","0,0","477.102.080","250.493.912","4.440","0","221","218"
"09:50:36.909, 22 de jun. de 2023","0,1","0,0","477.102.080","251.257.224","4.440","0","221","218"
"09:50:37.910, 22 de jun. de 2023","0,0","0,0","477.102.080","252.173.856","4.440","0","221","218"
"09:50:38.910, 22 de jun. de 2023","0,0","0,0","477.102.080","253.161.936","4.440","0","221","218"
"09:50:39.910, 22 de jun. de 2023","0,2","0,0","477.102.080","253.823.648","4.440","0","221","218"
"09:50:40.911, 22 de jun. de 2023","0,0","0,0","477.102.080","254.736.208","4.440","0","221","218"
"09:50:41.911, 22 de jun. de 2023","0,1","0,0","477.102.080","255.871.592","4.440","0","221","218"
"09:50:42.911, 22 de jun. de 2023","0,0","0,0","477.102.080","256.621.512","4.440","0","221","218"
"09:50:43.912, 22 de jun. de 2023","0,1","0,0","477.102.080","257.399.752","4.440","0","221","218"
"09:50:44.912, 22 de jun. de 2023","0,1","0,0","477.102.080","258.503.344","4.440","0","221","218"
"09:50:45.913, 22 de jun. de 2023","0,0","0,0","477.102.080","259.165.048","4.440","0","221","218"
"09:50:46.913, 22 de jun. de 2023","0,1","0,0","477.102.080","259.928.312","4.440","0","221","218"
"09:50:47.913, 22 de jun. de 2023","0,0","0,0","477.102.080","261.176.328","4.440","0","221","218"
"09:50:48.914, 22 de jun. de 2023","0,1","0,0","477.102.080","261.834.368","4.440","0","221","218"
"09:50:49.914, 22 de jun. de 2023","0,0","0,0","477.102.080","262.496.088","4.440","0","221","218"
"09:50:50.915, 22 de jun. de 2023","0,1","0,0","477.102.080","263.739.552","4.440","0","221","218"
"09:50:51.915, 22 de jun. de 2023","0,0","0,0","477.102.080","264.524.176","4.440","0","221","218"
"09:50:52.916, 22 de jun. de 2023","0,1","0,0","477.102.080","265.185.944","4.440","0","221","218"
"09:50:53.916, 22 de jun. de 2023","0,0","0,0","477.102.080","265.949.208","4.440","0","221","218"
"09:50:54.916, 22 de jun. de 2023","0,1","0,0","477.102.080","267.045.232","4.440","0","221","218"
"09:50:55.916, 22 de jun. de 2023","0,1","0,0","477.102.080","267.703.304","4.440","0","221","218"
"09:50:56.917, 22 de jun. de 2023","0,0","0,0","477.102.080","268.949.560","4.440","0","221","218"
"09:50:57.917, 22 de jun. de 2023","0,1","0,0","477.102.080","269.611.264","4.440","0","221","218"
"09:50:58.917, 22 de jun. de 2023","0,0","0,0","477.102.080","270.269.344","4.440","0","221","218"
"09:50:59.918, 22 de jun. de 2023","0,1","0,0","477.102.080","271.514.616","4.440","0","221","218"
"09:51:00.918, 22 de jun. de 2023","0,1","0,0","477.102.080","272.183.952","4.440","0","221","218"
"09:51:01.919, 22 de jun. de 2023","0,0","0,0","477.102.080","272.862.376","4.440","0","221","218"
"09:51:02.919, 22 de jun. de 2023","0,1","0,0","477.102.080","273.629.344","4.440","0","221","218"
"09:51:03.919, 22 de jun. de 2023","0,0","0,0","477.102.080","274.722.688","4.440","0","221","218"
"09:51:04.919, 22 de jun. de 2023","0,1","0,0","477.102.080","275.640.072","4.440","0","221","218"
"09:51:05.920, 22 de jun. de 2023","0,1","0,0","477.102.080","276.631.880","4.440","0","221","218"
"09:51:06.920, 22 de jun. de 2023","0,0","0,0","477.102.080","277.395.272","4.440","0","221","218"
"09:51:07.920, 22 de jun. de 2023","0,0","0,0","477.102.080","278.062.616","4.440","0","221","218"
"09:51:08.921, 22 de jun. de 2023","0,0","0,0","477.102.080","278.975.128","4.440","0","221","218"
"09:51:09.921, 22 de jun. de 2023","0,1","0,0","477.102.080","280.007.304","4.440","0","221","218"
"09:51:10.922, 22 de jun. de 2023","0,1","0,0","477.102.080","280.691.568","4.440","0","221","218"
"09:51:11.922, 22 de jun. de 2023","0,0","0,0","477.102.080","281.637.376","4.440","0","221","218"
"09:51:12.922, 22 de jun. de 2023","0,1","0,0","477.102.080","282.299.168","4.440","0","221","218"
"09:51:13.923, 22 de jun. de 2023","0,1","0,0","477.102.080","283.414.008","4.440","0","221","218"
"09:51:14.923, 22 de jun. de 2023","0,0","0,0","477.102.080","284.075.704","4.440","0","221","218"
"09:51:15.924, 22 de jun. de 2023","0,1","0,0","477.102.080","284.988.688","4.440","0","221","218"
"09:51:16.924, 22 de jun. de 2023","0,0","0,0","477.102.080","285.985.088","4.440","0","221","218"
"09:51:17.925, 22 de jun. de 2023","0,1","0,0","477.102.080","286.752.000","4.440","0","221","218"
"09:51:18.925, 22 de jun. de 2023","0,0","0,0","477.102.080","287.410.072","4.440","0","221","218"
"09:51:19.926, 22 de jun. de 2023","0,1","0,0","477.102.080","288.701.400","4.440","0","221","218"
"09:51:20.926, 22 de jun. de 2023","0,0","0,0","477.102.080","289.359.448","4.440","0","221","218"
"09:51:21.927, 22 de jun. de 2023","0,3","0,0","477.102.080","289.634.208","4.440","0","31","28"
"09:51:22.927, 22 de jun. de 2023","0,1","0,0","477.102.080","289.888.648","4.440","0","31","28"
"09:51:23.928, 22 de jun. de 2023","0,0","0,0","477.102.080","290.221.424","4.440","0","31","28"
"09:51:24.928, 22 de jun. de 2023","0,0","0,0","477.102.080","290.476.344","4.440","0","31","28"
"09:51:25.928, 22 de jun. de 2023","0,1","0,0","477.102.080","290.810.024","4.440","0","31","28"
"09:51:26.929, 22 de jun. de 2023","0,0","0,0","477.102.080","291.064.504","4.440","0","31","28"
"09:51:27.929, 22 de jun. de 2023","0,0","0,0","477.102.080","291.322.576","4.440","0","31","28"
"09:51:28.930, 22 de jun. de 2023","0,1","0,0","477.102.080","291.907.432","4.440","0","31","28"
"09:51:29.930, 22 de jun. de 2023","0,0","0,0","477.102.080","291.911.072","4.440","0","31","28"
"09:51:30.931, 22 de jun. de 2023","0,1","0,0","477.102.080","292.165.584","4.440","0","31","28"
"09:51:31.931, 22 de jun. de 2023","0,0","0,0","477.102.080","292.769.368","4.440","0","31","28"
"09:51:32.931, 22 de jun. de 2023","0,0","0,0","477.102.080","293.102.080","4.440","0","31","28"
"09:51:33.931, 22 de jun. de 2023","0,1","0,0","477.102.080","293.102.080","4.440","0","31","28"
"09:51:34.932, 22 de jun. de 2023","0,0","0,0","477.102.080","293.360.176","4.440","0","31","28"
"09:51:35.932, 22 de jun. de 2023","0,1","0,0","477.102.080","293.943.664","4.440","0","31","28"
"09:51:36.932, 22 de jun. de 2023","0,0","0,0","477.102.080","293.947.304","4.440","0","31","28"
"09:51:37.932, 22 de jun. de 2023","0,0","0,0","477.102.080","294.534.432","4.440","0","31","28"
"09:51:38.932, 22 de jun. de 2023","0,1","0,0","477.102.080","294.534.432","4.440","0","31","28"
"09:51:39.932, 22 de jun. de 2023","0,0","0,0","477.102.080","294.792.992","4.440","0","31","28"
"09:51:40.933, 22 de jun. de 2023","0,0","0,0","477.102.080","295.376.432","4.440","0","31","28"
"09:51:41.933, 22 de jun. de 2023","0,1","0,0","477.102.080","295.396.760","4.440","0","31","28"
"09:51:42.933, 22 de jun. de 2023","0,0","0,0","477.102.080","295.982.232","4.440","0","31","28"
"09:51:43.934, 22 de jun. de 2023","0,0","0,0","477.102.080","296.315.400","4.440","0","31","28"
"09:51:44.934, 22 de jun. de 2023","0,1","0,0","477.102.080","296.319.040","4.440","0","31","28"
"09:51:45.935, 22 de jun. de 2023","0,0","0,0","477.102.080","296.903.512","4.440","0","31","28"
"09:51:46.935, 22 de jun. de 2023","0,0","0,0","477.102.080","297.161.584","4.440","0","31","28"
"09:51:47.935, 22 de jun. de 2023","0,1","0,0","477.102.080","297.490.624","4.440","0","31","28"
"09:51:48.936, 22 de jun. de 2023","0,0","0,0","477.102.080","297.751.504","4.440","0","31","28"
"09:51:49.937, 22 de jun. de 2023","0,0","0,0","477.102.080","298.009.608","4.440","0","31","28"
"09:51:50.937, 22 de jun. de 2023","0,0","0,0","477.102.080","298.338.728","4.440","0","31","28"
"09:51:51.937, 22 de jun. de 2023","7,1","0,0","477.102.080","312.274.640","4.440","0","221","218"
"09:51:52.937, 22 de jun. de 2023","8,2","0,0","571.473.920","217.094.240","4.440","0","221","218"
"09:51:53.937, 22 de jun. de 2023","8,2","0,0","571.473.920","247.144.296","4.440","0","221","218"
"09:51:54.937, 22 de jun. de 2023","7,7","0,0","571.473.920","256.650.520","4.440","0","221","218"
"09:51:55.938, 22 de jun. de 2023","9,5","0,0","571.473.920","266.428.304","4.440","0","221","218"
"09:51:56.938, 22 de jun. de 2023","9,1","0,0","571.473.920","275.658.496","4.440","0","221","218"
"09:51:57.939, 22 de jun. de 2023","8,8","0,0","571.473.920","285.375.336","4.440","0","221","218"
"09:51:58.938, 22 de jun. de 2023","9,5","0,0","571.473.920","294.635.416","4.440","0","221","218"
"09:51:59.938, 22 de jun. de 2023","9,4","0,0","571.473.920","304.486.528","4.440","0","221","218"
"09:52:00.939, 22 de jun. de 2023","9,8","0,0","571.473.920","313.569.208","4.440","0","221","218"
"09:52:01.938, 22 de jun. de 2023","9,5","0,0","571.473.920","323.638.784","4.440","0","221","218"
"09:52:02.938, 22 de jun. de 2023","8,8","0,3","494.403.584","241.792.144","4.440","0","221","218"
"09:52:03.938, 22 de jun. de 2023","8,6","0,0","494.403.584","251.959.888","4.440","0","221","218"
"09:52:04.938, 22 de jun. de 2023","8,7","0,0","494.403.584","260.754.984","4.440","0","221","218"
"09:52:05.939, 22 de jun. de 2023","9,2","0,0","494.403.584","270.570.048","4.440","0","221","218"
"09:52:06.939, 22 de jun. de 2023","8,2","0,0","494.403.584","279.781.552","4.440","0","221","218"
"09:52:07.939, 22 de jun. de 2023","7,7","0,0","494.403.584","289.125.952","4.440","0","221","218"
"09:52:08.940, 22 de jun. de 2023","0,1","0,0","494.403.584","290.170.400","4.440","0","221","218"
"09:52:09.940, 22 de jun. de 2023","0,1","0,0","494.403.584","291.128.336","4.440","0","221","218"
"09:52:10.941, 22 de jun. de 2023","0,1","0,0","494.403.584","291.817.360","4.440","0","221","218"
"09:52:11.941, 22 de jun. de 2023","0,0","0,0","494.403.584","292.866.208","4.440","0","221","218"
"09:52:12.941, 22 de jun. de 2023","0,1","0,0","494.403.584","293.672.664","4.440","0","221","218"
"09:52:13.941, 22 de jun. de 2023","0,1","0,0","494.403.584","294.367.296","4.440","0","221","218"
"09:52:14.941, 22 de jun. de 2023","0,0","0,0","494.403.584","295.173.728","4.440","0","221","218"
"09:52:15.941, 22 de jun. de 2023","0,1","0,0","494.403.584","296.473.208","4.440","0","221","218"
"09:52:16.942, 22 de jun. de 2023","0,0","0,0","494.403.584","297.280.136","4.440","0","221","218"
"09:52:17.942, 22 de jun. de 2023","0,1","0,0","494.403.584","297.969.144","4.440","0","221","218"
"09:52:18.942, 22 de jun. de 2023","0,1","0,0","494.403.584","298.658.160","4.440","0","221","218"
"09:52:19.943, 22 de jun. de 2023","0,0","0,0","494.403.584","299.347.192","4.440","0","221","218"
"09:52:20.943, 22 de jun. de 2023","0,1","0,0","494.403.584","300.692.520","4.440","0","221","218"
"09:52:21.943, 22 de jun. de 2023","0,1","0,0","494.403.584","301.404.456","4.440","0","221","218"
"09:52:22.944, 22 de jun. de 2023","0,0","0,0","494.403.584","302.090.808","4.440","0","221","218"
"09:52:23.944, 22 de jun. de 2023","0,1","0,0","494.403.584","303.392.024","4.440","0","221","218"
"09:52:24.944, 22 de jun. de 2023","3,0","0,0","494.403.584","313.529.744","4.440","0","221","218"
"09:52:25.944, 22 de jun. de 2023","0,0","0,0","494.403.584","314.230.032","4.440","0","221","218"
"09:52:26.945, 22 de jun. de 2023","0,1","0,0","494.403.584","315.058.992","4.440","0","221","218"
"09:52:27.945, 22 de jun. de 2023","0,0","0,0","494.403.584","315.748.096","4.440","0","221","218"
"09:52:28.945, 22 de jun. de 2023","0,1","0,0","494.403.584","316.897.760","4.440","0","221","218"
"09:52:29.946, 22 de jun. de 2023","0,0","0,0","494.403.584","317.704.232","4.440","0","221","218"
"09:52:30.944, 22 de jun. de 2023","0,2","0,0","494.403.584","318.510.688","4.440","0","221","218"
"09:52:31.945, 22 de jun. de 2023","0,0","0,0","494.403.584","319.501.880","4.440","0","221","218"
"09:52:32.945, 22 de jun. de 2023","0,0","0,0","494.403.584","320.193.568","4.440","0","221","218"
"09:52:33.945, 22 de jun. de 2023","0,1","0,0","494.403.584","321.251.440","4.440","0","222","219"
"09:52:34.945, 22 de jun. de 2023","0,0","0,0","494.403.584","322.369.376","4.440","0","222","219"
"09:52:35.945, 22 de jun. de 2023","0,0","0,0","494.403.584","323.297.784","4.440","0","222","219"
"09:52:36.945, 22 de jun. de 2023","0,2","0,0","494.403.584","323.976.376","4.440","0","222","219"
"09:52:37.945, 22 de jun. de 2023","0,0","0,0","494.403.584","324.641.296","4.440","0","222","219"
"09:52:38.945, 22 de jun. de 2023","0,0","0,0","494.403.584","325.564.992","4.440","0","222","219"
"09:52:39.945, 22 de jun. de 2023","0,1","0,0","494.403.584","326.394.728","4.440","0","222","219"
"09:52:40.945, 22 de jun. de 2023","0,0","0,0","494.403.584","327.100.024","4.440","0","222","219"
"09:52:41.946, 22 de jun. de 2023","0,2","0,0","494.403.584","328.032.760","4.440","0","222","219"
"09:52:42.946, 22 de jun. de 2023","0,0","0,0","494.403.584","328.737.680","4.440","0","222","219"
"09:52:43.946, 22 de jun. de 2023","0,1","0,0","494.403.584","330.023.560","4.440","0","222","219"
"09:52:44.946, 22 de jun. de 2023","0,0","0,0","494.403.584","330.581.248","4.440","0","222","219"
"09:52:45.946, 22 de jun. de 2023","0,0","0,0","494.403.584","331.234.216","4.440","0","222","219"
"09:52:46.947, 22 de jun. de 2023","0,1","0,0","494.403.584","332.131.752","4.440","0","222","219"
"09:52:47.947, 22 de jun. de 2023","0,0","0,0","494.403.584","332.921.248","4.440","0","222","219"
"09:52:48.947, 22 de jun. de 2023","0,1","0,0","494.403.584","334.248.464","4.440","0","222","219"
"09:52:49.948, 22 de jun. de 2023","0,1","0,0","494.403.584","334.869.656","4.440","0","222","219"
"09:52:50.948, 22 de jun. de 2023","0,0","0,0","494.403.584","335.863.024","4.440","0","222","219"
"09:52:51.948, 22 de jun. de 2023","0,1","0,0","494.403.584","336.483.352","4.440","0","222","219"
"09:52:52.949, 22 de jun. de 2023","0,1","0,0","494.403.584","337.288.728","4.440","0","222","219"
"09:52:53.950, 22 de jun. de 2023","0,0","0,0","494.403.584","338.593.608","4.440","0","222","219"
"09:52:54.950, 22 de jun. de 2023","0,1","0,0","494.403.584","339.309.760","4.440","0","222","219"
"09:52:55.951, 22 de jun. de 2023","0,0","0,0","494.403.584","340.037.600","4.440","0","222","219"
"09:52:56.951, 22 de jun. de 2023","0,1","0,0","494.403.584","341.019.048","4.440","0","222","219"
"09:52:57.951, 22 de jun. de 2023","0,0","0,0","494.403.584","341.989.968","4.440","0","222","219"
"09:52:58.951, 22 de jun. de 2023","0,0","0,0","494.403.584","342.919.608","4.440","0","222","219"
"09:52:59.951, 22 de jun. de 2023","0,2","0,0","494.403.584","343.681.224","4.440","0","222","219"
"09:53:00.951, 22 de jun. de 2023","0,0","0,0","494.403.584","344.529.720","4.440","0","222","219"
"09:53:01.951, 22 de jun. de 2023","0,0","0,0","494.403.584","345.321.488","4.440","0","222","219"
"09:53:02.951, 22 de jun. de 2023","0,1","0,0","494.403.584","346.415.240","4.440","0","222","219"
"09:53:03.952, 22 de jun. de 2023","0,0","0,0","562.561.024","229.856.536","4.440","0","222","219"
"09:53:04.952, 22 de jun. de 2023","0,5","0,0","562.561.024","230.404.576","4.440","0","222","219"
"09:53:05.952, 22 de jun. de 2023","0,1","0,0","562.561.024","231.359.040","4.440","0","222","219"
"09:53:06.952, 22 de jun. de 2023","0,1","0,0","562.561.024","232.202.504","4.440","0","222","219"
"09:53:07.953, 22 de jun. de 2023","0,0","0,0","562.561.024","232.985.128","4.440","0","222","219"
"09:53:08.953, 22 de jun. de 2023","0,1","0,0","562.561.024","233.949.976","4.440","0","222","219"
"09:53:09.954, 22 de jun. de 2023","0,1","0,0","562.561.024","234.672.424","4.440","0","222","219"
"09:53:10.954, 22 de jun. de 2023","0,0","0,0","562.561.024","235.430.304","4.440","0","222","219"
"09:53:11.955, 22 de jun. de 2023","0,0","0,0","562.561.024","236.345.328","4.440","0","222","219"
"09:53:12.955, 22 de jun. de 2023","0,1","0,0","562.561.024","237.428.840","4.440","0","222","219"
"09:53:13.956, 22 de jun. de 2023","0,0","0,0","562.561.024","238.271.640","4.440","0","222","219"
"09:53:14.956, 22 de jun. de 2023","0,1","0,0","562.561.024","239.297.968","4.440","0","222","219"
"09:53:15.957, 22 de jun. de 2023","0,0","0,0","562.561.024","239.899.672","4.440","0","222","219"
"09:53:16.957, 22 de jun. de 2023","0,1","0,0","562.561.024","240.623.104","4.440","0","222","219"
"09:53:17.957, 22 de jun. de 2023","0,0","0,0","562.561.024","241.828.640","4.440","0","222","219"
"09:53:18.957, 22 de jun. de 2023","0,1","0,0","562.561.024","242.491.560","4.440","0","222","219"
"09:53:19.957, 22 de jun. de 2023","0,0","0,0","562.561.024","243.613.360","4.440","0","222","219"
"09:53:20.957, 22 de jun. de 2023","0,1","0,0","562.561.024","244.341.400","4.440","0","222","219"
"09:53:21.958, 22 de jun. de 2023","0,2","0,0","562.561.024","245.265.328","4.440","0","222","219"
"09:53:22.958, 22 de jun. de 2023","0,0","0,0","562.561.024","245.987.792","4.440","0","222","219"
"09:53:23.959, 22 de jun. de 2023","0,1","0,0","562.561.024","246.718.968","4.440","0","222","219"
"09:53:24.959, 22 de jun. de 2023","0,2","0,0","562.561.024","248.883.496","4.440","0","32","29"
"09:53:25.960, 22 de jun. de 2023","0,0","0,0","562.561.024","249.064.792","4.440","0","32","29"
"09:53:26.960, 22 de jun. de 2023","0,1","0,0","562.561.024","249.485.344","4.440","0","32","29"
"09:53:27.960, 22 de jun. de 2023","0,0","0,0","562.561.024","249.968.224","4.440","0","32","29"
"09:53:28.960, 22 de jun. de 2023","0,0","0,0","562.561.024","250.093.616","4.440","0","32","29"
"09:53:29.961, 22 de jun. de 2023","0,1","0,0","562.561.024","250.517.848","4.440","0","32","29"
"09:53:30.961, 22 de jun. de 2023","0,0","0,0","562.561.024","250.640.176","4.440","0","32","29"
"09:53:31.961, 22 de jun. de 2023","0,0","0,0","562.561.024","251.025.264","4.440","0","32","29"
"09:53:32.961, 22 de jun. de 2023","0,1","0,0","562.561.024","251.567.232","4.440","0","32","29"
"09:53:33.961, 22 de jun. de 2023","0,0","0,0","562.561.024","251.688.576","4.440","0","32","29"
"09:53:34.961, 22 de jun. de 2023","0,0","0,0","562.561.024","251.990.952","4.440","0","32","29"
"09:53:35.961, 22 de jun. de 2023","0,1","0,0","562.561.024","252.473.360","4.440","0","32","29"
"09:53:36.962, 22 de jun. de 2023","0,0","0,0","562.561.024","252.594.680","4.440","0","32","29"
"09:53:37.962, 22 de jun. de 2023","0,0","0,0","562.561.024","252.713.352","4.440","0","32","29"
"09:53:38.962, 22 de jun. de 2023","0,0","0,0","562.561.024","253.136.544","4.440","0","32","29"
"09:53:39.963, 22 de jun. de 2023","0,1","0,0","562.561.024","253.617.312","4.440","0","32","29"
"09:53:40.963, 22 de jun. de 2023","0,0","0,0","562.561.024","253.619.984","4.440","0","32","29"
"09:53:41.963, 22 de jun. de 2023","0,1","0,0","562.561.024","254.061.632","4.440","0","32","29"
"09:53:42.963, 22 de jun. de 2023","0,0","0,0","562.561.024","254.218.256","4.440","0","32","29"
"09:53:43.964, 22 de jun. de 2023","0,1","0,0","562.561.024","254.702.624","4.440","0","32","29"
"09:53:44.964, 22 de jun. de 2023","0,0","0,0","562.561.024","255.125.840","4.440","0","32","29"
"09:53:45.964, 22 de jun. de 2023","0,0","0,0","562.561.024","255.132.232","4.440","0","32","29"
"09:53:46.964, 22 de jun. de 2023","0,0","0,0","562.561.024","255.373.224","4.440","0","32","29"
"09:53:47.964, 22 de jun. de 2023","0,0","0,0","562.561.024","256.037.152","4.440","0","32","29"
"09:53:48.964, 22 de jun. de 2023","0,1","0,0","562.561.024","256.158.496","4.440","0","32","29"
"09:53:49.965, 22 de jun. de 2023","0,0","0,0","562.561.024","256.638.240","4.440","0","32","29"
"09:53:50.965, 22 de jun. de 2023","0,0","0,0","562.561.024","256.760.072","4.440","0","32","29"
"09:53:51.966, 22 de jun. de 2023","0,1","0,0","562.561.024","257.200.096","4.440","0","32","29"
"09:53:52.966, 22 de jun. de 2023","0,0","0,0","562.561.024","257.202.768","4.440","0","32","29"
"09:53:53.967, 22 de jun. de 2023","0,1","0,0","562.561.024","257.685.144","4.440","0","32","29"
"09:53:54.967, 22 de jun. de 2023","8,1","0,0","562.561.024","273.643.904","4.440","0","222","219"
"09:53:55.967, 22 de jun. de 2023","7,8","0,0","562.561.024","288.022.592","4.440","0","222","219"
"09:53:56.967, 22 de jun. de 2023","7,7","0,0","562.561.024","315.904.336","4.440","0","222","219"
"09:53:57.967, 22 de jun. de 2023","7,8","0,0","562.561.024","325.283.400","4.440","0","222","219"
"09:53:58.968, 22 de jun. de 2023","9,3","0,0","562.561.024","334.534.736","4.440","0","222","219"
"09:53:59.968, 22 de jun. de 2023","9,8","0,1","498.597.888","265.732.640","4.440","0","222","219"
"09:54:00.969, 22 de jun. de 2023","9,1","0,0","498.597.888","275.927.064","4.440","0","222","219"
"09:54:01.969, 22 de jun. de 2023","9,1","0,0","498.597.888","285.070.128","4.440","0","222","219"
"09:54:02.969, 22 de jun. de 2023","9,9","0,0","498.597.888","294.514.896","4.440","0","222","219"
"09:54:03.969, 22 de jun. de 2023","9,7","0,0","498.597.888","304.347.936","4.440","0","222","219"
"09:54:04.969, 22 de jun. de 2023","9,3","0,0","498.597.888","313.881.536","4.440","0","222","219"
"09:54:05.969, 22 de jun. de 2023","7,5","0,0","498.597.888","323.152.416","4.440","0","222","219"
"09:54:06.969, 22 de jun. de 2023","7,6","0,0","498.597.888","332.533.600","4.440","0","222","219"
"09:54:07.970, 22 de jun. de 2023","8,2","0,0","498.597.888","342.342.104","4.440","0","222","219"
"09:54:08.970, 22 de jun. de 2023","8,1","0,0","498.597.888","351.522.064","4.440","0","222","219"
"09:54:09.970, 22 de jun. de 2023","7,8","0,0","498.597.888","360.778.336","4.440","0","222","219"
"09:54:10.970, 22 de jun. de 2023","5,8","0,0","498.597.888","368.571.152","4.440","0","222","219"
"09:54:11.970, 22 de jun. de 2023","0,6","0,0","551.550.976","257.490.296","4.440","0","222","219"
"09:54:12.970, 22 de jun. de 2023","0,1","0,0","551.550.976","258.233.688","4.440","0","222","219"
"09:54:13.971, 22 de jun. de 2023","0,1","0,0","551.550.976","259.049.528","4.440","0","222","219"
"09:54:14.971, 22 de jun. de 2023","0,0","0,0","551.550.976","259.942.104","4.440","0","222","219"
"09:54:15.972, 22 de jun. de 2023","0,1","0,0","551.550.976","260.813.704","4.440","0","222","219"
"09:54:16.972, 22 de jun. de 2023","0,1","0,0","551.550.976","261.549.760","4.440","0","222","219"
"09:54:17.973, 22 de jun. de 2023","0,1","0,0","551.550.976","262.710.464","4.440","0","222","219"
"09:54:18.973, 22 de jun. de 2023","0,0","0,0","551.550.976","263.384.808","4.440","0","222","219"
"09:54:19.974, 22 de jun. de 2023","0,1","0,0","551.550.976","264.318.744","4.440","0","222","219"
"09:54:20.974, 22 de jun. de 2023","0,0","0,0","551.550.976","264.981.592","4.440","0","222","219"
"09:54:21.974, 22 de jun. de 2023","0,1","0,0","551.550.976","266.254.528","4.440","0","222","219"
"09:54:22.975, 22 de jun. de 2023","0,0","0,0","551.550.976","266.806.848","4.440","0","222","219"
"09:54:23.975, 22 de jun. de 2023","0,1","0,0","551.550.976","267.734.200","4.440","0","222","219"
"09:54:24.976, 22 de jun. de 2023","0,0","0,0","551.550.976","268.626.712","4.440","0","222","219"
"09:54:25.976, 22 de jun. de 2023","0,2","0,0","551.550.976","269.555.672","4.440","0","222","219"
"09:54:26.977, 22 de jun. de 2023","3,0","0,0","551.550.976","280.006.592","4.440","0","222","219"
"09:54:27.977, 22 de jun. de 2023","0,1","0,0","551.550.976","281.321.496","4.440","0","222","219"
"09:54:28.978, 22 de jun. de 2023","0,0","0,0","551.550.976","281.738.536","4.440","0","222","219"
"09:54:29.978, 22 de jun. de 2023","0,1","0,0","551.550.976","282.684.264","4.440","0","222","219"
"09:54:30.979, 22 de jun. de 2023","0,0","0,0","551.550.976","283.658.440","4.440","0","222","219"
"09:54:31.979, 22 de jun. de 2023","0,2","0,0","551.550.976","284.441.176","4.440","0","222","219"
"09:54:32.980, 22 de jun. de 2023","0,0","0,0","551.550.976","285.312.728","4.440","0","222","219"
"09:54:33.980, 22 de jun. de 2023","0,1","0,0","551.550.976","286.197.392","4.440","0","222","219"
"09:54:34.981, 22 de jun. de 2023","0,0","0,0","551.550.976","287.016.400","4.440","0","222","219"
"09:54:35.981, 22 de jun. de 2023","0,1","0,0","551.550.976","287.700.576","4.440","0","222","219"
"09:54:36.981, 22 de jun. de 2023","0,0","0,0","551.550.976","288.835.952","4.440","0","222","219"
"09:54:37.981, 22 de jun. de 2023","0,0","0,0","551.550.976","289.710.864","4.440","0","222","219"
"09:54:38.982, 22 de jun. de 2023","0,1","0,0","551.550.976","290.385.928","4.440","0","222","219"
"09:54:39.982, 22 de jun. de 2023","0,0","0,0","551.550.976","291.547.136","4.440","0","222","219"
"09:54:40.982, 22 de jun. de 2023","0,1","0,0","551.550.976","292.117.960","4.440","0","222","219"
"09:54:41.982, 22 de jun. de 2023","0,1","0,0","551.550.976","293.069.168","4.440","0","222","219"
"09:54:42.983, 22 de jun. de 2023","0,1","0,0","551.550.976","294.038.448","4.440","0","222","219"
"09:54:43.983, 22 de jun. de 2023","0,0","0,0","551.550.976","294.910.568","4.440","0","222","219"
"09:54:44.983, 22 de jun. de 2023","0,1","0,0","551.550.976","295.485.456","4.440","0","222","219"
"09:54:45.984, 22 de jun. de 2023","0,0","0,0","551.550.976","296.590.192","4.440","0","222","219"
"09:54:46.984, 22 de jun. de 2023","0,1","0,0","551.550.976","297.274.168","4.440","0","222","219"
"09:54:47.984, 22 de jun. de 2023","0,1","0,0","551.550.976","298.413.704","4.440","0","222","219"
"09:54:48.984, 22 de jun. de 2023","0,0","0,0","551.550.976","299.101.904","4.440","0","222","219"
"09:54:49.984, 22 de jun. de 2023","0,1","0,0","551.550.976","300.019.688","4.440","0","222","219"
"09:54:50.985, 22 de jun. de 2023","0,0","0,0","551.550.976","301.045.128","4.440","0","222","219"
"09:54:51.985, 22 de jun. de 2023","0,1","0,0","551.550.976","301.754.168","4.440","0","222","219"
"09:54:52.985, 22 de jun. de 2023","0,0","0,0","551.550.976","302.438.656","4.440","0","222","219"
"09:54:53.985, 22 de jun. de 2023","0,1","0,0","551.550.976","303.598.144","4.440","0","222","219"
"09:54:54.985, 22 de jun. de 2023","0,1","0,0","551.550.976","304.294.776","4.440","0","222","219"
"09:54:55.986, 22 de jun. de 2023","0,0","0,0","551.550.976","305.078.496","4.440","0","222","219"
"09:54:56.986, 22 de jun. de 2023","0,1","0,0","551.550.976","306.162.776","4.440","0","222","219"
"09:54:57.986, 22 de jun. de 2023","0,0","0,0","551.550.976","306.910.096","4.440","0","222","219"
"09:54:58.986, 22 de jun. de 2023","0,1","0,0","551.550.976","307.650.256","4.440","0","222","219"
"09:54:59.987, 22 de jun. de 2023","0,1","0,0","551.550.976","308.735.408","4.440","0","222","219"
"09:55:00.987, 22 de jun. de 2023","0,0","0,0","551.550.976","309.471.936","4.440","0","222","219"
"09:55:01.987, 22 de jun. de 2023","0,1","0,0","551.550.976","310.468.296","4.440","0","222","219"
"09:55:02.987, 22 de jun. de 2023","0,1","0,0","551.550.976","311.226.976","4.440","0","222","219"
"09:55:03.987, 22 de jun. de 2023","0,0","0,0","551.550.976","312.099.592","4.440","0","222","219"
"09:55:04.987, 22 de jun. de 2023","0,1","0,0","551.550.976","313.019.888","4.440","0","222","219"
"09:55:05.988, 22 de jun. de 2023","0,1","0,0","551.550.976","313.915.088","4.440","0","222","219"
"09:55:06.988, 22 de jun. de 2023","0,0","0,0","551.550.976","314.577.888","4.440","0","222","219"
"09:55:07.989, 22 de jun. de 2023","0,1","0,0","551.550.976","315.483.512","4.440","0","222","219"
"09:55:08.989, 22 de jun. de 2023","0,0","0,0","551.550.976","316.247.296","4.440","0","222","219"
"09:55:09.989, 22 de jun. de 2023","0,1","0,0","551.550.976","317.446.616","4.440","0","222","219"
"09:55:10.990, 22 de jun. de 2023","0,0","0,0","551.550.976","318.094.712","4.440","0","222","219"
"09:55:11.990, 22 de jun. de 2023","0,1","0,0","551.550.976","318.990.408","4.440","0","222","219"
"09:55:12.991, 22 de jun. de 2023","0,0","0,0","551.550.976","319.885.008","4.440","0","222","219"
"09:55:13.991, 22 de jun. de 2023","0,1","0,0","551.550.976","320.861.568","4.440","0","222","219"
"09:55:14.991, 22 de jun. de 2023","0,1","0,0","551.550.976","321.544.640","4.440","0","222","219"
"09:55:15.991, 22 de jun. de 2023","0,0","0,0","551.550.976","322.632.424","4.440","0","222","219"
"09:55:16.991, 22 de jun. de 2023","0,0","0,0","551.550.976","323.411.792","4.440","0","222","219"
"09:55:17.992, 22 de jun. de 2023","0,1","0,0","551.550.976","324.129.728","4.440","0","222","219"
"09:55:18.992, 22 de jun. de 2023","0,0","0,0","551.550.976","325.172.720","4.440","0","222","219"
"09:55:19.993, 22 de jun. de 2023","0,1","0,0","551.550.976","326.099.080","4.440","0","222","219"
"09:55:20.993, 22 de jun. de 2023","0,1","0,0","551.550.976","326.662.704","4.440","0","222","219"
"09:55:21.994, 22 de jun. de 2023","0,1","0,0","551.550.976","327.773.264","4.440","0","222","219"
"09:55:22.994, 22 de jun. de 2023","0,1","0,0","551.550.976","328.436.072","4.440","0","222","219"
"09:55:23.994, 22 de jun. de 2023","0,0","0,0","551.550.976","329.682.592","4.440","0","222","219"
"09:55:24.995, 22 de jun. de 2023","0,0","0,0","551.550.976","330.234.984","4.440","0","222","219"
"09:55:25.995, 22 de jun. de 2023","0,1","0,0","551.550.976","331.110.728","4.440","0","222","219"
"09:55:26.996, 22 de jun. de 2023","0,3","0,0","551.550.976","332.079.568","4.440","0","32","29"
"09:55:27.996, 22 de jun. de 2023","0,0","0,0","551.550.976","332.385.800","4.440","0","32","29"
"09:55:28.996, 22 de jun. de 2023","0,1","0,0","551.550.976","332.496.280","4.440","0","32","29"
"09:55:29.997, 22 de jun. de 2023","0,0","0,0","551.550.976","332.898.232","4.440","0","32","29"
"09:55:30.997, 22 de jun. de 2023","0,0","0,0","551.550.976","333.014.136","4.440","0","32","29"
"09:55:31.998, 22 de jun. de 2023","0,1","0,0","551.550.976","333.548.424","4.440","0","32","29"
"09:55:32.998, 22 de jun. de 2023","0,0","0,0","551.550.976","333.661.576","4.440","0","32","29"
"09:55:33.998, 22 de jun. de 2023","0,0","0,0","551.550.976","334.173.528","4.440","0","32","29"
"09:55:34.999, 22 de jun. de 2023","0,1","0,0","551.550.976","334.604.080","4.440","0","32","29"
"09:55:35.999, 22 de jun. de 2023","0,0","0,0","551.550.976","334.606.736","4.440","0","32","29"
"09:55:37.000, 22 de jun. de 2023","0,0","0,0","551.550.976","335.120.696","4.440","0","32","29"
"09:55:38.000, 22 de jun. de 2023","0,1","0,0","551.550.976","335.231.152","4.440","0","32","29"
"09:55:39.001, 22 de jun. de 2023","0,0","0,0","551.550.976","335.744.128","4.440","0","32","29"
"09:55:40.001, 22 de jun. de 2023","0,0","0,0","551.550.976","335.854.616","4.440","0","32","29"
"09:55:41.002, 22 de jun. de 2023","0,1","0,0","551.550.976","336.370.240","4.440","0","32","29"
"09:55:42.002, 22 de jun. de 2023","0,0","0,0","551.550.976","336.507.568","4.440","0","32","29"
"09:55:43.003, 22 de jun. de 2023","0,0","0,0","551.550.976","336.907.872","4.440","0","32","29"
"09:55:44.003, 22 de jun. de 2023","0,1","0,0","551.550.976","337.322.760","4.440","0","32","29"
"09:55:45.004, 22 de jun. de 2023","0,0","0,0","551.550.976","337.325.416","4.440","0","32","29"
"09:55:46.004, 22 de jun. de 2023","0,0","0,0","551.550.976","337.836.040","4.440","0","32","29"
"09:55:47.004, 22 de jun. de 2023","0,1","0,0","551.550.976","337.949.168","4.440","0","32","29"
"09:55:48.004, 22 de jun. de 2023","0,0","0,0","551.550.976","338.460.448","4.440","0","32","29"
"09:55:49.005, 22 de jun. de 2023","0,0","0,0","551.550.976","338.573.576","4.440","0","32","29"
"09:55:50.005, 22 de jun. de 2023","0,1","0,0","551.550.976","339.084.848","4.440","0","32","29"
"09:55:51.006, 22 de jun. de 2023","0,0","0,0","551.550.976","339.198.992","4.440","0","32","29"
"09:55:52.006, 22 de jun. de 2023","0,2","0,0","551.550.976","339.526.376","4.440","0","32","29"
"09:55:53.007, 22 de jun. de 2023","0,0","0,0","551.550.976","339.851.688","4.440","0","32","29"
"09:55:54.007, 22 de jun. de 2023","0,0","0,0","551.550.976","340.041.976","4.440","0","32","29"
"09:55:55.008, 22 de jun. de 2023","0,1","0,0","551.550.976","340.363.664","4.440","0","32","29"
"09:55:56.008, 22 de jun. de 2023","0,1","0,0","551.550.976","340.664.520","4.440","0","32","29"
"09:55:57.008, 22 de jun. de 2023","1,3","0,0","551.550.976","345.045.024","4.440","0","222","219"
"09:55:58.008, 22 de jun. de 2023","7,8","0,0","551.550.976","359.162.568","4.440","0","222","219"
"09:55:59.008, 22 de jun. de 2023","8,3","0,0","470.286.336","276.602.344","4.440","0","222","219"
"09:56:00.008, 22 de jun. de 2023","7,7","0,0","470.286.336","304.622.536","4.440","0","222","219"
"09:56:01.008, 22 de jun. de 2023","8,2","0,0","470.286.336","314.521.584","4.440","0","222","219"
"09:56:02.009, 22 de jun. de 2023","9,2","0,0","470.286.336","324.020.648","4.440","0","222","219"
"09:56:03.008, 22 de jun. de 2023","9,2","0,0","470.286.336","333.178.560","4.440","0","222","219"
"09:56:04.009, 22 de jun. de 2023","9,2","0,0","470.286.336","343.525.632","4.440","0","222","219"
"09:56:05.009, 22 de jun. de 2023","9,6","0,0","470.286.336","354.100.240","4.440","0","222","219"
"09:56:06.009, 22 de jun. de 2023","9,8","0,0","470.286.336","363.736.592","4.440","0","222","219"
"09:56:07.010, 22 de jun. de 2023","10,0","0,3","533.725.184","294.092.608","4.440","0","222","219"
"09:56:08.010, 22 de jun. de 2023","9,2","0,0","533.725.184","303.488.144","4.440","0","222","219"
"09:56:09.010, 22 de jun. de 2023","8,5","0,0","533.725.184","312.923.480","4.440","0","222","219"
"09:56:10.011, 22 de jun. de 2023","7,9","0,0","533.725.184","322.787.840","4.440","0","222","219"
"09:56:11.011, 22 de jun. de 2023","7,8","0,0","533.725.184","332.184.944","4.440","0","222","219"
"09:56:12.011, 22 de jun. de 2023","7,9","0,0","533.725.184","341.738.592","4.440","0","222","219"
"09:56:13.011, 22 de jun. de 2023","7,3","0,0","533.725.184","351.273.880","4.440","0","222","219"
"09:56:14.011, 22 de jun. de 2023","4,8","0,0","533.725.184","357.669.328","4.440","0","222","219"
"09:56:15.011, 22 de jun. de 2023","0,1","0,0","533.725.184","358.341.584","4.440","0","222","219"
"09:56:16.012, 22 de jun. de 2023","0,0","0,0","533.725.184","359.239.520","4.440","0","222","219"
"09:56:17.012, 22 de jun. de 2023","0,1","0,0","533.725.184","360.351.672","4.440","0","222","219"
"09:56:18.012, 22 de jun. de 2023","0,0","0,0","533.725.184","360.948.608","4.440","0","222","219"
"09:56:19.012, 22 de jun. de 2023","0,1","0,0","533.725.184","361.965.200","4.440","0","222","219"
"09:56:20.012, 22 de jun. de 2023","0,1","0,0","533.725.184","362.782.536","4.440","0","222","219"
"09:56:21.012, 22 de jun. de 2023","0,0","0,0","533.725.184","363.578.408","4.440","0","222","219"
"09:56:22.012, 22 de jun. de 2023","0,1","0,0","533.725.184","364.421.280","4.440","0","222","219"
"09:56:23.012, 22 de jun. de 2023","0,0","0,0","533.725.184","365.167.592","4.440","0","222","219"
"09:56:24.013, 22 de jun. de 2023","0,1","0,0","533.725.184","366.229.736","4.440","0","222","219"
"09:56:25.013, 22 de jun. de 2023","0,1","0,0","533.725.184","367.051.584","4.440","0","222","219"
"09:56:26.013, 22 de jun. de 2023","0,1","0,0","533.725.184","367.734.088","4.440","0","222","219"
"09:56:27.014, 22 de jun. de 2023","0,1","0,0","533.725.184","368.716.600","4.440","0","222","219"
"09:56:28.014, 22 de jun. de 2023","0,0","0,0","533.725.184","369.610.776","4.440","0","222","219"
"09:56:29.015, 22 de jun. de 2023","0,1","0,0","533.725.184","370.577.288","4.440","0","222","219"
"09:56:30.015, 22 de jun. de 2023","2,8","0,0","533.725.184","381.014.656","4.440","0","222","219"
"09:56:31.015, 22 de jun. de 2023","0,1","0,0","533.725.184","382.031.888","4.440","0","222","219"
"09:56:32.016, 22 de jun. de 2023","0,1","0,0","533.725.184","382.921.816","4.440","0","222","219"
"09:56:33.016, 22 de jun. de 2023","0,0","0,0","533.725.184","383.518.040","4.440","0","222","219"
"09:56:34.017, 22 de jun. de 2023","0,1","0,0","533.725.184","384.556.096","4.440","0","222","219"
"09:56:35.017, 22 de jun. de 2023","0,0","0,0","533.725.184","385.385.160","4.440","0","222","219"
"09:56:36.018, 22 de jun. de 2023","0,1","0,0","533.725.184","386.180.448","4.440","0","222","219"
"09:56:37.018, 22 de jun. de 2023","0,1","0,0","533.725.184","387.158.520","4.440","0","222","219"
"09:56:38.019, 22 de jun. de 2023","0,0","0,0","533.725.184","388.094.912","4.440","0","222","219"
"09:56:39.019, 22 de jun. de 2023","0,1","0,0","533.725.184","388.930.768","4.440","0","222","219"
"09:56:40.019, 22 de jun. de 2023","0,0","0,0","533.725.184","389.528.608","4.440","0","222","219"
"09:56:41.019, 22 de jun. de 2023","0,1","0,0","533.725.184","390.543.632","4.440","0","222","219"
"09:56:42.020, 22 de jun. de 2023","0,3","0,0","459.276.288","283.975.144","4.440","0","222","219"
"09:56:43.020, 22 de jun. de 2023","0,1","0,0","459.276.288","284.559.480","4.440","0","222","219"
"09:56:44.021, 22 de jun. de 2023","0,1","0,0","459.276.288","285.552.744","4.440","0","222","219"
"09:56:45.021, 22 de jun. de 2023","0,1","0,0","459.276.288","286.202.232","4.440","0","222","219"
"09:56:46.022, 22 de jun. de 2023","0,0","0,0","459.276.288","287.416.592","4.440","0","222","219"
"09:56:47.022, 22 de jun. de 2023","0,0","0,0","459.276.288","288.242.568","4.440","0","222","219"
"09:56:48.022, 22 de jun. de 2023","0,1","0,0","459.276.288","289.004.672","4.440","0","222","219"
"09:56:49.022, 22 de jun. de 2023","0,1","0,0","459.276.288","289.810.264","4.440","0","222","219"
"09:56:50.022, 22 de jun. de 2023","0,0","0,0","459.276.288","290.787.944","4.440","0","222","219"
"09:56:51.022, 22 de jun. de 2023","0,1","0,0","459.276.288","291.616.088","4.440","0","222","219"
"09:56:52.023, 22 de jun. de 2023","0,0","0,0","459.276.288","292.401.136","4.440","0","222","219"
"09:56:53.023, 22 de jun. de 2023","0,1","0,0","459.276.288","293.415.304","4.440","0","222","219"
"09:56:54.024, 22 de jun. de 2023","0,0","0,0","459.276.288","294.253.576","4.440","0","222","219"
"09:56:55.024, 22 de jun. de 2023","0,1","0,0","459.276.288","294.981.960","4.440","0","222","219"
"09:56:56.025, 22 de jun. de 2023","0,0","0,0","459.276.288","295.792.880","4.440","0","222","219"
"09:56:57.025, 22 de jun. de 2023","0,1","0,0","459.276.288","296.811.944","4.440","0","222","219"
"09:56:58.025, 22 de jun. de 2023","0,0","0,0","459.276.288","297.596.656","4.440","0","222","219"
"09:56:59.026, 22 de jun. de 2023","0,1","0,0","459.276.288","298.325.096","4.440","0","222","219"
"09:57:00.026, 22 de jun. de 2023","0,1","0,0","459.276.288","299.351.024","4.440","0","222","219"
"09:57:01.027, 22 de jun. de 2023","0,0","0,0","459.276.288","300.309.376","4.440","0","222","219"
"09:57:02.027, 22 de jun. de 2023","0,1","0,0","459.276.288","301.208.040","4.440","0","222","219"
"09:57:03.027, 22 de jun. de 2023","0,1","0,0","459.276.288","302.015.152","4.440","0","222","219"
"09:57:04.028, 22 de jun. de 2023","0,0","0,0","459.276.288","302.709.272","4.440","0","222","219"
"09:57:05.028, 22 de jun. de 2023","0,1","0,0","459.276.288","303.629.024","4.440","0","222","219"
"09:57:06.029, 22 de jun. de 2023","0,0","0,0","459.276.288","304.669.488","4.440","0","222","219"
"09:57:07.029, 22 de jun. de 2023","0,1","0,0","459.276.288","305.473.440","4.440","0","222","219"
"09:57:08.029, 22 de jun. de 2023","0,1","0,0","459.276.288","306.286.112","4.440","0","222","219"
"09:57:09.030, 22 de jun. de 2023","0,1","0,0","459.276.288","307.012.312","4.440","0","222","219"
"09:57:10.030, 22 de jun. de 2023","0,0","0,0","459.276.288","307.851.240","4.440","0","222","219"
"09:57:11.030, 22 de jun. de 2023","0,1","0,0","459.276.288","308.807.408","4.440","0","222","219"
"09:57:12.031, 22 de jun. de 2023","0,1","0,0","459.276.288","310.024.312","4.440","0","222","219"
"09:57:13.031, 22 de jun. de 2023","0,0","0,0","459.276.288","310.456.320","4.440","0","222","219"
"09:57:14.031, 22 de jun. de 2023","0,1","0,0","459.276.288","311.513.368","4.440","0","222","219"
"09:57:15.032, 22 de jun. de 2023","0,0","0,0","459.276.288","312.343.016","4.440","0","222","219"
"09:57:16.032, 22 de jun. de 2023","0,0","0,0","459.276.288","313.104.144","4.440","0","222","219"
"09:57:17.032, 22 de jun. de 2023","0,1","0,0","459.276.288","313.908.072","4.440","0","222","219"
"09:57:18.032, 22 de jun. de 2023","0,1","0,0","459.276.288","315.042.760","4.440","0","222","219"
"09:57:19.032, 22 de jun. de 2023","0,0","0,0","459.276.288","315.803.832","4.440","0","222","219"
"09:57:20.032, 22 de jun. de 2023","0,1","0,0","459.276.288","316.451.856","4.440","0","222","219"
"09:57:21.032, 22 de jun. de 2023","0,0","0,0","459.276.288","317.492.160","4.440","0","222","219"
"09:57:22.033, 22 de jun. de 2023","0,1","0,0","459.276.288","318.279.744","4.440","0","222","219"
"09:57:23.033, 22 de jun. de 2023","0,0","0,0","459.276.288","319.085.352","4.440","0","222","219"
"09:57:24.033, 22 de jun. de 2023","0,1","0,0","459.276.288","320.113.056","4.440","0","222","219"
"09:57:25.033, 22 de jun. de 2023","0,1","0,0","459.276.288","321.132.016","4.440","0","222","219"
"09:57:26.033, 22 de jun. de 2023","0,0","0,0","459.276.288","321.702.824","4.440","0","222","219"
"09:57:27.033, 22 de jun. de 2023","0,0","0,0","459.276.288","322.669.080","4.440","0","222","219"
"09:57:28.034, 22 de jun. de 2023","0,1","0,0","459.276.288","323.616.608","4.440","0","222","219"
"09:57:29.034, 22 de jun. de 2023","0,1","0,0","459.276.288","324.432.168","4.440","0","222","219"
"09:57:30.034, 22 de jun. de 2023","0,2","0,0","459.276.288","326.254.048","4.440","0","32","29"
"09:57:31.035, 22 de jun. de 2023","0,1","0,0","459.276.288","326.625.952","4.440","0","32","29"
"09:57:32.035, 22 de jun. de 2023","0,0","0,0","459.276.288","327.059.536","4.440","0","32","29"
"09:57:33.036, 22 de jun. de 2023","0,0","0,0","459.276.288","327.217.120","4.440","0","32","29"
"09:57:34.036, 22 de jun. de 2023","0,0","0,0","459.276.288","327.564.312","4.440","0","32","29"
"09:57:35.037, 22 de jun. de 2023","0,1","0,0","459.276.288","327.782.984","4.440","0","32","29"
"09:57:36.037, 22 de jun. de 2023","0,0","0,0","459.276.288","328.130.856","4.440","0","32","29"
"09:57:37.037, 22 de jun. de 2023","0,0","0,0","459.276.288","328.505.576","4.440","0","32","29"
"09:57:38.037, 22 de jun. de 2023","0,1","0,0","459.276.288","328.699.016","4.440","0","32","29"
"09:57:39.037, 22 de jun. de 2023","0,0","0,0","459.276.288","329.263.896","4.440","0","32","29"
"09:57:40.037, 22 de jun. de 2023","0,0","0,0","459.276.288","329.418.792","4.440","0","32","29"
"09:57:41.038, 22 de jun. de 2023","0,1","0,0","459.276.288","329.637.464","4.440","0","32","29"
"09:57:42.038, 22 de jun. de 2023","0,0","0,0","459.276.288","330.058.512","4.440","0","32","29"
"09:57:43.038, 22 de jun. de 2023","0,0","0,0","459.276.288","330.433.128","4.440","0","32","29"
"09:57:44.039, 22 de jun. de 2023","0,1","0,0","459.276.288","330.623.440","4.440","0","32","29"
"09:57:45.039, 22 de jun. de 2023","0,0","0,0","459.276.288","330.998.056","4.440","0","32","29"
"09:57:46.039, 22 de jun. de 2023","0,0","0,0","459.276.288","331.188.352","4.440","0","32","29"
"09:57:47.040, 22 de jun. de 2023","0,1","0,0","459.276.288","331.346.016","4.440","0","32","29"
"09:57:48.041, 22 de jun. de 2023","0,0","0,0","459.276.288","331.911.368","4.440","0","32","29"
"09:57:49.041, 22 de jun. de 2023","0,0","0,0","459.276.288","332.283.296","4.440","0","32","29"
"09:57:50.041, 22 de jun. de 2023","0,1","0,0","459.276.288","332.477.232","4.440","0","32","29"
"09:57:51.042, 22 de jun. de 2023","0,1","0,0","459.276.288","332.850.936","4.440","0","32","29"
"09:57:52.042, 22 de jun. de 2023","0,1","0,0","459.276.288","333.065.664","4.440","0","32","29"
"09:57:53.042, 22 de jun. de 2023","0,0","0,0","459.276.288","333.223.384","4.440","0","32","29"
"09:57:54.042, 22 de jun. de 2023","0,0","0,0","459.276.288","333.788.752","4.440","0","32","29"
"09:57:55.042, 22 de jun. de 2023","0,0","0,0","459.276.288","333.980.032","4.440","0","32","29"
"09:57:56.042, 22 de jun. de 2023","0,1","0,0","459.276.288","334.360.064","4.440","0","32","29"
"09:57:57.042, 22 de jun. de 2023","0,0","0,0","459.276.288","334.360.064","4.440","0","32","29"
"09:57:58.042, 22 de jun. de 2023","0,0","0,0","459.276.288","334.925.928","4.440","0","32","29"
"09:57:59.043, 22 de jun. de 2023","0,1","0,0","459.276.288","335.118.872","4.440","0","32","29"
"09:58:00.043, 22 de jun. de 2023","0,0","0,0","459.276.288","335.273.864","4.440","0","32","29"
"09:58:01.043, 22 de jun. de 2023","0,0","0,0","459.276.288","335.838.704","4.440","0","32","29"
"09:58:02.044, 22 de jun. de 2023","0,0","0,0","459.276.288","336.018.136","4.440","0","32","29"
"09:58:03.044, 22 de jun. de 2023","0,1","0,0","459.276.288","336.427.112","4.440","0","32","29"
"09:58:04.045, 22 de jun. de 2023","0,0","0,0","459.276.288","336.585.184","4.440","0","32","29"
"09:58:05.045, 22 de jun. de 2023","0,0","0,0","459.276.288","337.146.416","4.440","0","32","29"
"09:58:06.045, 22 de jun. de 2023","0,1","0,0","459.276.288","337.342.024","4.440","0","32","29"
"09:58:07.046, 22 de jun. de 2023","0,0","0,0","459.276.288","337.500.608","4.440","0","32","29"
"09:58:08.046, 22 de jun. de 2023","0,0","0,0","459.276.288","337.717.624","4.440","0","32","29"
"09:58:09.047, 22 de jun. de 2023","0,1","0,0","459.276.288","338.065.968","4.440","0","32","29"
"09:58:10.047, 22 de jun. de 2023","0,0","0,0","459.276.288","338.630.840","4.440","0","32","29"
"09:58:11.047, 22 de jun. de 2023","0,1","0,0","459.276.288","338.630.840","4.440","0","32","29"
"09:58:12.048, 22 de jun. de 2023","0,0","0,0","459.276.288","339.030.112","4.440","0","32","29"
"09:58:13.048, 22 de jun. de 2023","0,0","0,0","459.276.288","339.376.728","4.440","0","32","29"
"09:58:14.048, 22 de jun. de 2023","0,1","0,0","459.276.288","339.596.416","4.440","0","32","29"
"09:58:15.049, 22 de jun. de 2023","0,0","0,0","459.276.288","339.941.600","4.440","0","32","29"
"09:58:16.049, 22 de jun. de 2023","0,0","0,0","459.276.288","340.099.192","4.440","0","32","29"
"09:58:17.050, 22 de jun. de 2023","0,1","0,0","459.276.288","340.509.160","4.440","0","32","29"
"09:58:18.050, 22 de jun. de 2023","0,0","0,0","459.276.288","340.859.032","4.440","0","32","29"
"09:58:19.050, 22 de jun. de 2023","0,0","0,0","459.276.288","341.234.120","4.440","0","32","29"
"09:58:20.050, 22 de jun. de 2023","0,1","0,0","459.276.288","341.427.544","4.440","0","32","29"
"09:58:21.050, 22 de jun. de 2023","0,0","0,0","459.276.288","341.802.128","4.440","0","32","29"
"09:58:22.050, 22 de jun. de 2023","0,0","0,0","459.276.288","342.196.920","4.440","0","32","29"
"09:58:23.050, 22 de jun. de 2023","0,0","0,0","459.276.288","342.390.856","4.440","0","32","29"
"09:58:24.050, 22 de jun. de 2023","0,0","0,0","459.276.288","342.739.800","4.440","0","32","29"
