"Time [ms]","CPU usage [%]","GC activity [%]","Size [B]","Used [B]","Live","Daemon","Total loaded","Shared loaded"
"23:32:08.657, 6 de dez de 2022","0,0","0,0","130.023.456","20.971.520","21","16","2.426","1.079"
"23:32:09.633, 6 de dez de 2022","0,2","0,0","130.023.456","22.020.096","21","16","2.426","1.079"
"23:32:10.634, 6 de dez de 2022","0,6","0,0","130.023.456","22.020.096","21","16","2.427","1.079"
"23:32:11.634, 6 de dez de 2022","0,5","0,0","130.023.456","22.020.096","21","16","2.428","1.079"
"23:32:12.634, 6 de dez de 2022","0,7","0,0","130.023.456","22.020.096","21","16","2.428","1.079"
"23:32:13.634, 6 de dez de 2022","0,1","0,0","130.023.456","22.020.096","21","16","2.428","1.079"
"23:32:14.635, 6 de dez de 2022","0,2","0,0","130.023.456","22.020.096","21","16","2.428","1.079"
"23:32:15.635, 6 de dez de 2022","0,1","0,0","130.023.456","22.020.096","21","16","2.428","1.079"
"23:32:16.635, 6 de dez de 2022","0,2","0,0","130.023.456","22.020.096","21","16","2.428","1.079"
"23:32:17.636, 6 de dez de 2022","1,6","0,0","132.120.608","4.693.384","21","16","2.429","1.079"
"23:32:18.636, 6 de dez de 2022","10,3","0,1","132.120.608","28.497.496","21","16","2.594","1.138"
"23:32:19.636, 6 de dez de 2022","10,9","0,3","212.860.960","84.000.016","21","16","2.594","1.138"
"23:32:20.637, 6 de dez de 2022","7,9","0,2","398.458.912","18.841.600","21","16","2.594","1.138"
"23:32:21.637, 6 de dez de 2022","12,2","0,1","398.458.912","130.294.968","21","16","2.595","1.138"
"23:32:22.637, 6 de dez de 2022","9,3","0,0","398.458.912","58.807.944","22","16","2.595","1.138"
"23:32:23.637, 6 de dez de 2022","2,6","0,0","398.458.912","139.548.296","21","16","2.597","1.138"
"23:32:24.638, 6 de dez de 2022","0,2","0,0","398.458.912","139.548.296","21","16","2.597","1.138"
"23:32:25.638, 6 de dez de 2022","0,2","0,0","398.458.912","139.548.296","21","16","2.597","1.138"
"23:32:26.638, 6 de dez de 2022","0,1","0,0","398.458.912","140.596.872","21","16","2.597","1.138"
"23:32:27.639, 6 de dez de 2022","0,1","0,0","398.458.912","140.596.872","21","16","2.597","1.138"
"23:32:28.639, 6 de dez de 2022","0,2","0,0","398.458.912","140.596.872","21","16","2.597","1.138"
"23:32:29.640, 6 de dez de 2022","0,1","0,0","398.458.912","140.596.872","21","16","2.597","1.138"
"23:32:30.640, 6 de dez de 2022","0,1","0,0","398.458.912","141.645.448","21","16","2.597","1.138"
"23:32:31.640, 6 de dez de 2022","0,1","0,0","398.458.912","141.645.448","21","16","2.597","1.138"
"23:32:32.641, 6 de dez de 2022","0,4","0,0","398.458.912","141.645.448","21","16","2.597","1.138"
"23:32:33.641, 6 de dez de 2022","0,1","0,0","398.458.912","141.645.448","21","16","2.597","1.138"
"23:32:34.641, 6 de dez de 2022","0,2","0,0","398.458.912","141.645.448","21","16","2.597","1.138"
"23:32:35.642, 6 de dez de 2022","0,1","0,0","398.458.912","141.645.448","21","16","2.597","1.138"
"23:32:36.642, 6 de dez de 2022","0,2","0,0","398.458.912","141.645.448","21","16","2.597","1.138"
"23:32:37.642, 6 de dez de 2022","0,1","0,0","398.458.912","141.645.448","21","16","2.597","1.138"
"23:32:38.643, 6 de dez de 2022","0,1","0,0","398.458.912","142.694.024","21","16","2.597","1.138"
"23:32:39.643, 6 de dez de 2022","0,1","0,0","398.458.912","142.694.024","21","16","2.597","1.138"
"23:32:40.644, 6 de dez de 2022","0,2","0,0","398.458.912","142.694.024","21","16","2.597","1.138"
"23:32:41.644, 6 de dez de 2022","0,1","0,0","398.458.912","143.742.600","21","16","2.597","1.138"
"23:32:42.644, 6 de dez de 2022","0,1","0,0","398.458.912","143.742.600","21","16","2.597","1.138"
"23:32:43.644, 6 de dez de 2022","0,2","0,0","398.458.912","143.742.600","21","16","2.597","1.138"
"23:32:44.645, 6 de dez de 2022","0,2","0,0","398.458.912","143.742.600","21","16","2.597","1.138"
"23:32:45.645, 6 de dez de 2022","0,1","0,0","398.458.912","143.742.600","21","16","2.597","1.138"
"23:32:46.646, 6 de dez de 2022","0,2","0,0","398.458.912","143.742.600","21","16","2.597","1.138"
"23:32:47.646, 6 de dez de 2022","0,4","0,0","398.458.912","143.742.600","21","16","2.597","1.138"
"23:32:48.646, 6 de dez de 2022","0,3","0,0","398.458.912","143.742.600","21","16","2.597","1.138"
"23:32:49.647, 6 de dez de 2022","0,1","0,0","398.458.912","144.791.176","21","16","2.597","1.138"
"23:32:50.647, 6 de dez de 2022","0,2","0,0","398.458.912","144.791.176","21","16","2.597","1.138"
"23:32:51.647, 6 de dez de 2022","0,2","0,0","398.458.912","144.791.176","21","16","2.597","1.138"
"23:32:52.648, 6 de dez de 2022","0,1","0,0","398.458.912","144.791.176","21","16","2.597","1.138"
"23:32:53.648, 6 de dez de 2022","0,2","0,0","398.458.912","144.791.176","21","16","2.598","1.138"
"23:32:54.648, 6 de dez de 2022","0,4","0,0","398.458.912","144.791.176","21","16","2.598","1.138"
"23:32:55.649, 6 de dez de 2022","0,2","0,0","398.458.912","144.791.176","21","16","2.598","1.138"
"23:32:56.649, 6 de dez de 2022","0,1","0,0","398.458.912","144.791.176","21","16","2.598","1.138"
"23:32:57.649, 6 de dez de 2022","0,1","0,0","398.458.912","145.839.752","21","16","2.598","1.138"
"23:32:58.650, 6 de dez de 2022","0,4","0,0","398.458.912","145.839.752","21","16","2.598","1.138"
"23:32:59.650, 6 de dez de 2022","0,4","0,0","398.458.912","145.839.752","21","16","2.598","1.138"
"23:33:00.650, 6 de dez de 2022","0,2","0,0","398.458.912","145.839.752","21","16","2.598","1.138"
"23:33:01.651, 6 de dez de 2022","0,0","0,0","398.458.912","145.839.752","21","16","2.598","1.138"
"23:33:02.651, 6 de dez de 2022","0,3","0,0","398.458.912","145.839.752","21","16","2.598","1.138"
"23:33:03.652, 6 de dez de 2022","0,1","0,0","398.458.912","146.888.328","21","16","2.598","1.138"
"23:33:04.652, 6 de dez de 2022","0,3","0,0","398.458.912","146.888.328","21","16","2.598","1.138"
"23:33:05.652, 6 de dez de 2022","0,1","0,0","398.458.912","146.888.328","21","16","2.598","1.138"
"23:33:06.653, 6 de dez de 2022","0,2","0,0","398.458.912","146.888.328","21","16","2.598","1.138"
"23:33:07.653, 6 de dez de 2022","1,4","0,0","398.458.912","146.888.328","21","16","2.598","1.138"
"23:33:08.653, 6 de dez de 2022","0,1","0,0","398.458.912","146.888.328","21","16","2.598","1.138"
"23:33:09.654, 6 de dez de 2022","0,1","0,0","398.458.912","146.888.328","21","16","2.598","1.138"
"23:33:10.654, 6 de dez de 2022","0,1","0,0","398.458.912","146.888.328","21","16","2.598","1.138"
"23:33:11.654, 6 de dez de 2022","0,6","0,0","398.458.912","146.888.328","21","16","2.598","1.138"
"23:33:12.655, 6 de dez de 2022","0,1","0,0","398.458.912","147.936.904","21","16","2.598","1.138"
"23:33:13.655, 6 de dez de 2022","0,3","0,0","398.458.912","147.936.904","21","16","2.598","1.138"
"23:33:14.655, 6 de dez de 2022","0,2","0,0","398.458.912","147.936.904","21","16","2.598","1.138"
"23:33:15.656, 6 de dez de 2022","0,1","0,0","398.458.912","147.936.904","21","16","2.599","1.138"
"23:33:16.656, 6 de dez de 2022","0,1","0,0","398.458.912","147.936.904","21","16","2.599","1.138"
"23:33:17.657, 6 de dez de 2022","0,1","0,0","398.458.912","148.985.480","20","15","2.599","1.138"
"23:33:18.657, 6 de dez de 2022","0,2","0,0","398.458.912","148.985.480","20","15","2.599","1.138"
"23:33:19.657, 6 de dez de 2022","0,3","0,0","398.458.912","148.985.480","20","15","2.599","1.138"
"23:33:20.658, 6 de dez de 2022","0,2","0,0","398.458.912","148.985.480","20","15","2.599","1.138"
"23:33:21.658, 6 de dez de 2022","0,1","0,0","398.458.912","148.985.480","20","15","2.599","1.138"
"23:33:22.658, 6 de dez de 2022","0,1","0,0","398.458.912","148.985.480","20","15","2.600","1.138"
"23:33:23.659, 6 de dez de 2022","0,1","0,0","398.458.912","150.034.056","20","15","2.600","1.138"
"23:33:24.659, 6 de dez de 2022","0,1","0,0","398.458.912","150.034.056","20","15","2.600","1.138"
"23:33:25.659, 6 de dez de 2022","0,2","0,0","398.458.912","150.034.056","20","15","2.600","1.138"
"23:33:26.660, 6 de dez de 2022","0,9","0,0","398.458.912","150.034.056","20","15","2.600","1.138"
"23:33:27.660, 6 de dez de 2022","0,2","0,0","398.458.912","150.034.056","20","15","2.600","1.138"
"23:33:28.661, 6 de dez de 2022","0,1","0,0","398.458.912","150.034.056","20","15","2.600","1.138"
"23:33:29.661, 6 de dez de 2022","0,1","0,0","398.458.912","150.034.056","20","15","2.600","1.138"
"23:33:30.661, 6 de dez de 2022","0,4","0,0","398.458.912","150.034.056","20","15","2.600","1.138"
"23:33:31.662, 6 de dez de 2022","0,1","0,0","398.458.912","151.082.632","20","15","2.600","1.138"
"23:33:32.662, 6 de dez de 2022","0,2","0,0","398.458.912","151.082.632","20","15","2.600","1.138"
"23:33:33.662, 6 de dez de 2022","0,2","0,0","398.458.912","151.082.632","20","15","2.600","1.138"
"23:33:34.663, 6 de dez de 2022","0,1","0,0","398.458.912","151.082.632","20","15","2.602","1.138"
"23:33:35.663, 6 de dez de 2022","0,1","0,0","398.458.912","151.082.632","20","15","2.602","1.138"
"23:33:36.663, 6 de dez de 2022","0,2","0,0","398.458.912","151.082.632","20","15","2.602","1.138"
"23:33:37.664, 6 de dez de 2022","0,1","0,0","398.458.912","151.082.632","20","15","2.604","1.138"
"23:33:38.664, 6 de dez de 2022","0,2","0,0","398.458.912","152.131.208","20","15","2.606","1.138"
"23:33:39.664, 6 de dez de 2022","0,1","0,0","398.458.912","152.131.208","20","15","2.606","1.138"
"23:33:40.665, 6 de dez de 2022","0,1","0,0","398.458.912","152.131.208","20","15","2.607","1.138"
"23:33:41.665, 6 de dez de 2022","0,1","0,0","398.458.912","152.131.208","20","15","2.607","1.138"
"23:33:42.666, 6 de dez de 2022","0,2","0,0","398.458.912","152.131.208","20","15","2.607","1.138"
"23:33:43.666, 6 de dez de 2022","0,1","0,0","398.458.912","152.131.208","20","15","2.607","1.138"
"23:33:44.666, 6 de dez de 2022","0,1","0,0","398.458.912","152.131.208","20","15","2.607","1.138"
"23:33:45.666, 6 de dez de 2022","0,1","0,0","398.458.912","152.131.208","20","15","2.607","1.138"
"23:33:46.667, 6 de dez de 2022","0,2","0,0","398.458.912","153.179.784","20","15","2.607","1.138"
"23:33:47.667, 6 de dez de 2022","0,2","0,0","398.458.912","153.179.784","20","15","2.607","1.138"
"23:33:48.667, 6 de dez de 2022","0,1","0,0","398.458.912","153.179.784","20","15","2.607","1.138"
"23:33:49.668, 6 de dez de 2022","0,0","0,0","398.458.912","153.179.784","20","15","2.607","1.138"
"23:33:50.668, 6 de dez de 2022","0,1","0,0","398.458.912","153.179.784","20","15","2.607","1.138"
"23:33:51.668, 6 de dez de 2022","0,2","0,0","398.458.912","153.179.784","20","15","2.607","1.138"
"23:33:52.669, 6 de dez de 2022","0,1","0,0","398.458.912","153.179.784","20","15","2.607","1.138"
"23:33:53.669, 6 de dez de 2022","0,1","0,0","398.458.912","154.228.360","20","15","2.607","1.138"
"23:33:54.669, 6 de dez de 2022","0,2","0,0","398.458.912","154.228.360","20","15","2.607","1.138"
"23:33:55.670, 6 de dez de 2022","0,1","0,0","398.458.912","154.228.360","20","15","2.607","1.138"
"23:33:56.670, 6 de dez de 2022","0,0","0,0","398.458.912","154.228.360","20","15","2.607","1.138"
"23:33:57.670, 6 de dez de 2022","0,2","0,0","398.458.912","154.228.360","20","15","2.607","1.138"
"23:33:58.671, 6 de dez de 2022","0,1","0,0","398.458.912","154.228.360","20","15","2.607","1.138"
"23:33:59.671, 6 de dez de 2022","0,2","0,0","398.458.912","154.228.360","20","15","2.607","1.138"
"23:34:00.671, 6 de dez de 2022","0,1","0,0","398.458.912","154.228.360","20","15","2.607","1.138"
"23:34:01.672, 6 de dez de 2022","0,1","0,0","398.458.912","155.276.936","20","15","2.607","1.138"
"23:34:02.672, 6 de dez de 2022","0,1","0,0","398.458.912","155.276.936","19","14","2.607","1.138"
"23:34:03.672, 6 de dez de 2022","0,2","0,0","398.458.912","155.276.936","19","14","2.607","1.138"
"23:34:04.673, 6 de dez de 2022","0,1","0,0","398.458.912","155.276.936","19","14","2.607","1.138"
"23:34:05.673, 6 de dez de 2022","0,1","0,0","398.458.912","155.276.936","19","14","2.607","1.138"
"23:34:06.673, 6 de dez de 2022","0,1","0,0","398.458.912","155.276.936","19","14","2.607","1.138"
"23:34:07.674, 6 de dez de 2022","0,2","0,0","398.458.912","155.276.936","19","14","2.607","1.138"
"23:34:08.674, 6 de dez de 2022","0,1","0,0","398.458.912","155.276.936","19","14","2.607","1.138"
"23:34:09.674, 6 de dez de 2022","0,1","0,0","398.458.912","156.325.512","19","14","2.607","1.138"
"23:34:10.675, 6 de dez de 2022","0,3","0,0","398.458.912","156.325.512","19","14","2.607","1.138"
"23:34:11.675, 6 de dez de 2022","0,1","0,0","398.458.912","156.325.512","19","14","2.607","1.138"
"23:34:12.675, 6 de dez de 2022","0,1","0,0","398.458.912","156.325.512","19","14","2.607","1.138"
"23:34:13.676, 6 de dez de 2022","0,1","0,0","398.458.912","156.325.512","19","14","2.607","1.138"
"23:34:14.676, 6 de dez de 2022","0,1","0,0","398.458.912","156.325.512","19","14","2.607","1.138"
"23:34:15.676, 6 de dez de 2022","0,1","0,0","398.458.912","156.325.512","19","14","2.607","1.138"
"23:34:16.677, 6 de dez de 2022","0,1","0,0","398.458.912","157.374.088","19","14","2.607","1.138"
"23:34:17.677, 6 de dez de 2022","0,2","0,0","398.458.912","157.374.088","19","14","2.607","1.138"
"23:34:18.677, 6 de dez de 2022","0,1","0,0","398.458.912","157.374.088","19","14","2.607","1.138"
"23:34:19.678, 6 de dez de 2022","0,1","0,0","398.458.912","157.374.088","19","14","2.607","1.138"
"23:34:20.678, 6 de dez de 2022","0,1","0,0","398.458.912","157.374.088","19","14","2.607","1.138"
"23:34:21.678, 6 de dez de 2022","0,1","0,0","398.458.912","157.374.088","19","14","2.607","1.138"
"23:34:22.678, 6 de dez de 2022","3,4","0,0","398.458.912","157.374.088","19","14","2.607","1.138"
"23:34:23.679, 6 de dez de 2022","1,9","0,0","398.458.912","128.125.712","20","14","2.613","1.144"
"23:34:24.679, 6 de dez de 2022","4,6","0,0","398.458.912","21.160.040","20","14","2.613","1.144"
"23:34:25.679, 6 de dez de 2022","3,2","0,0","398.458.912","39.019.568","20","14","2.613","1.144"
"23:34:26.679, 6 de dez de 2022","7,1","0,0","398.458.912","94.592.080","20","14","2.613","1.144"
"23:34:27.680, 6 de dez de 2022","4,3","0,0","398.458.912","126.081.848","20","14","2.613","1.144"
"23:34:28.680, 6 de dez de 2022","2,4","0,0","398.458.912","39.033.352","20","14","2.613","1.144"
"23:34:29.680, 6 de dez de 2022","0,3","0,0","398.458.912","40.081.928","20","14","2.613","1.144"
"23:34:30.681, 6 de dez de 2022","0,1","0,0","398.458.912","40.081.928","20","14","2.613","1.144"
"23:34:31.681, 6 de dez de 2022","0,1","0,0","398.458.912","40.081.928","20","14","2.613","1.144"
"23:34:32.681, 6 de dez de 2022","2,3","0,0","398.458.912","40.081.928","20","14","2.613","1.144"
"23:34:33.681, 6 de dez de 2022","0,2","0,0","398.458.912","40.081.928","20","14","2.613","1.144"
"23:34:34.682, 6 de dez de 2022","0,1","0,0","398.458.912","40.081.928","20","14","2.613","1.144"
"23:34:35.682, 6 de dez de 2022","0,2","0,0","398.458.912","40.081.928","20","14","2.613","1.144"
"23:34:36.682, 6 de dez de 2022","2,3","0,0","398.458.912","42.179.080","20","14","2.613","1.144"
"23:34:37.683, 6 de dez de 2022","0,2","0,0","398.458.912","42.179.080","20","14","2.613","1.144"
"23:34:38.683, 6 de dez de 2022","0,1","0,0","398.458.912","42.179.080","20","14","2.613","1.144"
"23:34:39.683, 6 de dez de 2022","0,1","0,0","398.458.912","42.179.080","20","14","2.613","1.144"
"23:34:40.684, 6 de dez de 2022","0,1","0,0","398.458.912","42.179.080","20","14","2.613","1.144"
"23:34:41.684, 6 de dez de 2022","0,1","0,0","398.458.912","42.179.080","20","14","2.613","1.144"
"23:34:42.684, 6 de dez de 2022","0,2","0,0","398.458.912","42.179.080","20","14","2.613","1.144"
"23:34:43.685, 6 de dez de 2022","0,1","0,0","398.458.912","42.179.080","20","14","2.613","1.144"
"23:34:44.685, 6 de dez de 2022","0,2","0,0","398.458.912","43.227.656","20","14","2.613","1.144"
"23:34:45.685, 6 de dez de 2022","0,1","0,0","398.458.912","43.227.656","20","14","2.613","1.144"
"23:34:46.686, 6 de dez de 2022","0,1","0,0","398.458.912","43.227.656","20","14","2.613","1.144"
"23:34:47.686, 6 de dez de 2022","0,2","0,0","398.458.912","43.227.656","20","14","2.613","1.144"
"23:34:48.686, 6 de dez de 2022","0,0","0,0","398.458.912","43.227.656","20","14","2.613","1.144"
"23:34:49.687, 6 de dez de 2022","0,1","0,0","398.458.912","43.227.656","20","14","2.613","1.144"
"23:34:50.687, 6 de dez de 2022","0,2","0,0","398.458.912","43.227.656","20","14","2.613","1.144"
"23:34:51.687, 6 de dez de 2022","0,1","0,0","398.458.912","43.227.656","20","14","2.613","1.144"
"23:34:52.687, 6 de dez de 2022","0,1","0,0","398.458.912","44.276.232","20","14","2.613","1.144"
"23:34:53.688, 6 de dez de 2022","0,1","0,0","398.458.912","44.276.232","20","14","2.613","1.144"
"23:34:54.688, 6 de dez de 2022","0,1","0,0","398.458.912","44.276.232","20","14","2.613","1.144"
"23:34:55.688, 6 de dez de 2022","0,1","0,0","398.458.912","44.276.232","20","14","2.613","1.144"
"23:34:56.689, 6 de dez de 2022","0,1","0,0","398.458.912","44.276.232","20","14","2.613","1.144"
"23:34:57.689, 6 de dez de 2022","0,2","0,0","398.458.912","44.276.232","20","14","2.613","1.144"
"23:34:58.689, 6 de dez de 2022","0,2","0,0","398.458.912","44.276.232","20","14","2.613","1.144"
"23:34:59.690, 6 de dez de 2022","0,1","0,0","398.458.912","44.276.232","20","14","2.613","1.144"
"23:35:00.690, 6 de dez de 2022","0,1","0,0","398.458.912","45.324.808","20","14","2.613","1.144"
"23:35:01.690, 6 de dez de 2022","0,1","0,0","398.458.912","45.324.808","20","14","2.613","1.144"
"23:35:02.691, 6 de dez de 2022","0,7","0,0","398.458.912","45.324.808","20","14","2.613","1.144"
"23:35:03.691, 6 de dez de 2022","0,1","0,0","398.458.912","45.324.808","20","14","2.613","1.144"
"23:35:04.691, 6 de dez de 2022","0,1","0,0","398.458.912","45.324.808","20","14","2.613","1.144"
"23:35:05.692, 6 de dez de 2022","0,1","0,0","398.458.912","45.324.808","20","14","2.613","1.144"
"23:35:06.692, 6 de dez de 2022","0,1","0,0","398.458.912","45.324.808","20","14","2.613","1.144"
"23:35:07.692, 6 de dez de 2022","0,1","0,0","398.458.912","46.373.384","20","14","2.613","1.144"
"23:35:08.693, 6 de dez de 2022","0,1","0,0","398.458.912","46.373.384","20","14","2.613","1.144"
"23:35:09.693, 6 de dez de 2022","0,1","0,0","398.458.912","46.373.384","20","14","2.613","1.144"
"23:35:10.693, 6 de dez de 2022","0,1","0,0","398.458.912","46.373.384","20","14","2.613","1.144"
"23:35:11.694, 6 de dez de 2022","0,2","0,0","398.458.912","46.373.384","20","14","2.613","1.144"
"23:35:12.694, 6 de dez de 2022","0,2","0,0","398.458.912","46.373.384","20","14","2.613","1.144"
"23:35:13.694, 6 de dez de 2022","0,1","0,0","398.458.912","46.373.384","20","14","2.613","1.144"
"23:35:14.695, 6 de dez de 2022","0,1","0,0","398.458.912","46.373.384","20","14","2.613","1.144"
"23:35:15.695, 6 de dez de 2022","0,1","0,0","398.458.912","47.421.960","20","14","2.613","1.144"
"23:35:16.695, 6 de dez de 2022","0,2","0,0","398.458.912","47.421.960","20","14","2.613","1.144"
"23:35:17.696, 6 de dez de 2022","0,1","0,0","398.458.912","47.421.960","20","14","2.613","1.144"
"23:35:18.696, 6 de dez de 2022","0,1","0,0","398.458.912","47.421.960","20","14","2.613","1.144"
"23:35:19.696, 6 de dez de 2022","0,2","0,0","398.458.912","47.421.960","20","14","2.613","1.144"
"23:35:20.696, 6 de dez de 2022","0,1","0,0","398.458.912","47.421.960","20","14","2.613","1.144"
"23:35:21.697, 6 de dez de 2022","0,1","0,0","398.458.912","47.421.960","20","14","2.613","1.144"
"23:35:22.697, 6 de dez de 2022","0,1","0,0","398.458.912","48.470.536","20","14","2.613","1.144"
"23:35:23.697, 6 de dez de 2022","0,1","0,0","398.458.912","48.470.536","20","14","2.613","1.144"
"23:35:24.698, 6 de dez de 2022","0,2","0,0","398.458.912","48.470.536","20","14","2.613","1.144"
"23:35:25.698, 6 de dez de 2022","0,1","0,0","398.458.912","48.470.536","20","14","2.613","1.144"
"23:35:26.698, 6 de dez de 2022","0,1","0,0","398.458.912","48.470.536","20","14","2.613","1.144"
"23:35:27.699, 6 de dez de 2022","0,1","0,0","398.458.912","49.519.112","20","14","2.613","1.144"
"23:35:28.699, 6 de dez de 2022","0,2","0,0","398.458.912","49.519.112","20","14","2.613","1.144"
"23:35:29.699, 6 de dez de 2022","0,1","0,0","398.458.912","49.519.112","20","14","2.613","1.144"
"23:35:30.700, 6 de dez de 2022","0,1","0,0","398.458.912","49.519.112","20","14","2.613","1.144"
"23:35:31.700, 6 de dez de 2022","0,0","0,0","398.458.912","49.519.112","20","14","2.613","1.144"
"23:35:32.700, 6 de dez de 2022","0,2","0,0","398.458.912","49.519.112","20","14","2.613","1.144"
"23:35:33.701, 6 de dez de 2022","0,2","0,0","398.458.912","49.519.112","20","14","2.613","1.144"
"23:35:34.701, 6 de dez de 2022","0,1","0,0","398.458.912","50.567.688","20","14","2.613","1.144"
"23:35:35.701, 6 de dez de 2022","0,1","0,0","398.458.912","50.567.688","20","14","2.613","1.144"
"23:35:36.702, 6 de dez de 2022","0,1","0,0","398.458.912","50.567.688","20","14","2.613","1.144"
"23:35:37.702, 6 de dez de 2022","0,1","0,0","398.458.912","50.567.688","20","14","2.613","1.144"
"23:35:38.702, 6 de dez de 2022","0,2","0,0","398.458.912","50.567.688","20","14","2.613","1.144"
"23:35:39.703, 6 de dez de 2022","0,1","0,0","398.458.912","50.567.688","20","14","2.613","1.144"
"23:35:40.703, 6 de dez de 2022","0,1","0,0","398.458.912","50.567.688","20","14","2.613","1.144"
"23:35:41.703, 6 de dez de 2022","0,1","0,0","398.458.912","50.567.688","20","14","2.613","1.144"
"23:35:42.704, 6 de dez de 2022","0,2","0,0","398.458.912","51.616.264","20","14","2.613","1.144"
"23:35:43.704, 6 de dez de 2022","0,1","0,0","398.458.912","51.616.264","20","14","2.613","1.144"
"23:35:44.704, 6 de dez de 2022","0,1","0,0","398.458.912","51.616.264","20","14","2.613","1.144"
"23:35:45.705, 6 de dez de 2022","0,3","0,0","398.458.912","51.616.264","20","14","2.613","1.144"
"23:35:46.705, 6 de dez de 2022","0,1","0,0","398.458.912","51.616.264","20","14","2.613","1.144"
"23:35:47.705, 6 de dez de 2022","0,1","0,0","398.458.912","51.616.264","20","14","2.613","1.144"
"23:35:48.705, 6 de dez de 2022","0,1","0,0","398.458.912","51.616.264","20","14","2.613","1.144"
"23:35:49.706, 6 de dez de 2022","0,1","0,0","398.458.912","51.616.264","20","14","2.613","1.144"
"23:35:50.706, 6 de dez de 2022","0,1","0,0","398.458.912","52.664.840","20","14","2.613","1.144"
"23:35:51.706, 6 de dez de 2022","0,2","0,0","398.458.912","52.664.840","20","14","2.613","1.144"
"23:35:52.707, 6 de dez de 2022","0,1","0,0","398.458.912","52.664.840","20","14","2.613","1.144"
"23:35:53.707, 6 de dez de 2022","0,1","0,0","398.458.912","52.664.840","20","14","2.613","1.144"
"23:35:54.707, 6 de dez de 2022","0,7","0,0","398.458.912","52.664.840","20","14","2.613","1.144"
"23:35:55.708, 6 de dez de 2022","0,2","0,0","398.458.912","52.664.840","20","14","2.613","1.144"
"23:35:56.708, 6 de dez de 2022","0,1","0,0","398.458.912","52.664.840","20","14","2.613","1.144"
"23:35:57.708, 6 de dez de 2022","0,1","0,0","398.458.912","52.664.840","20","14","2.613","1.144"
"23:35:58.709, 6 de dez de 2022","0,1","0,0","398.458.912","53.713.416","20","14","2.613","1.144"
"23:35:59.709, 6 de dez de 2022","0,1","0,0","398.458.912","53.713.416","20","14","2.613","1.144"
"23:36:00.709, 6 de dez de 2022","0,2","0,0","398.458.912","53.713.416","20","14","2.613","1.144"
"23:36:01.710, 6 de dez de 2022","0,1","0,0","398.458.912","53.713.416","20","14","2.613","1.144"
"23:36:02.710, 6 de dez de 2022","0,2","0,0","398.458.912","53.713.416","20","14","2.613","1.144"
"23:36:03.710, 6 de dez de 2022","0,1","0,0","398.458.912","53.713.416","20","14","2.613","1.144"
"23:36:04.711, 6 de dez de 2022","0,1","0,0","398.458.912","53.713.416","20","14","2.613","1.144"
"23:36:05.711, 6 de dez de 2022","0,3","0,0","398.458.912","53.713.416","20","14","2.613","1.144"
"23:36:06.711, 6 de dez de 2022","0,1","0,0","398.458.912","54.761.992","20","14","2.613","1.144"
"23:36:07.712, 6 de dez de 2022","0,2","0,0","398.458.912","54.761.992","20","14","2.613","1.144"
"23:36:08.712, 6 de dez de 2022","0,1","0,0","398.458.912","54.761.992","20","14","2.613","1.144"
"23:36:09.712, 6 de dez de 2022","0,0","0,0","398.458.912","54.761.992","20","14","2.613","1.144"
"23:36:10.713, 6 de dez de 2022","0,1","0,0","398.458.912","54.761.992","20","14","2.613","1.144"
"23:36:11.713, 6 de dez de 2022","0,1","0,0","398.458.912","54.761.992","20","14","2.613","1.144"
"23:36:12.713, 6 de dez de 2022","0,2","0,0","398.458.912","54.761.992","20","14","2.613","1.144"
"23:36:13.713, 6 de dez de 2022","0,1","0,0","398.458.912","54.761.992","20","14","2.613","1.144"
"23:36:14.714, 6 de dez de 2022","0,1","0,0","398.458.912","55.810.568","20","14","2.613","1.144"
"23:36:15.714, 6 de dez de 2022","0,1","0,0","398.458.912","55.810.568","20","14","2.613","1.144"
"23:36:16.714, 6 de dez de 2022","0,1","0,0","398.458.912","55.810.568","20","14","2.613","1.144"
"23:36:17.715, 6 de dez de 2022","0,1","0,0","398.458.912","55.810.568","20","14","2.613","1.144"
"23:36:18.715, 6 de dez de 2022","0,0","0,0","398.458.912","55.810.568","20","14","2.613","1.144"
"23:36:19.715, 6 de dez de 2022","0,1","0,0","398.458.912","55.810.568","20","14","2.613","1.144"
"23:36:20.716, 6 de dez de 2022","0,3","0,0","398.458.912","55.810.568","20","14","2.613","1.144"
"23:36:21.716, 6 de dez de 2022","0,0","0,0","398.458.912","55.810.568","20","14","2.613","1.144"
"23:36:22.716, 6 de dez de 2022","0,1","0,0","398.458.912","56.859.144","20","14","2.613","1.144"
"23:36:23.717, 6 de dez de 2022","0,2","0,0","398.458.912","56.859.144","20","14","2.613","1.144"
"23:36:24.717, 6 de dez de 2022","0,0","0,0","398.458.912","56.859.144","20","14","2.613","1.144"
"23:36:25.717, 6 de dez de 2022","0,1","0,0","398.458.912","56.859.144","20","14","2.613","1.144"
"23:36:26.718, 6 de dez de 2022","0,2","0,0","398.458.912","57.907.720","20","14","2.613","1.144"
"23:36:27.718, 6 de dez de 2022","0,1","0,0","398.458.912","57.907.720","20","14","2.613","1.144"
"23:36:28.718, 6 de dez de 2022","1,3","0,0","398.458.912","26.455.568","22","14","2.613","1.144"
"23:36:29.718, 6 de dez de 2022","4,3","0,0","398.458.912","156.546.688","22","14","2.613","1.144"
"23:36:30.719, 6 de dez de 2022","2,6","0,0","398.458.912","175.427.864","22","14","2.613","1.144"
"23:36:31.719, 6 de dez de 2022","4,6","0,0","398.458.912","230.977.480","22","14","2.613","1.144"
"23:36:32.719, 6 de dez de 2022","4,7","0,0","398.458.912","46.462.472","22","14","2.613","1.144"
"23:36:33.719, 6 de dez de 2022","2,1","0,0","398.458.912","176.485.896","23","14","2.613","1.144"
"23:36:34.720, 6 de dez de 2022","0,2","0,0","398.458.912","176.485.896","23","14","2.613","1.144"
"23:36:35.720, 6 de dez de 2022","0,1","0,0","398.458.912","176.485.896","23","14","2.613","1.144"
"23:36:36.720, 6 de dez de 2022","0,1","0,0","398.458.912","178.583.048","23","14","2.613","1.144"
"23:36:37.721, 6 de dez de 2022","0,2","0,0","398.458.912","178.583.048","23","14","2.613","1.144"
"23:36:38.721, 6 de dez de 2022","0,1","0,0","398.458.912","178.583.048","23","14","2.613","1.144"
"23:36:39.722, 6 de dez de 2022","0,1","0,0","398.458.912","178.583.048","23","14","2.613","1.144"
"23:36:40.722, 6 de dez de 2022","0,3","0,0","398.458.912","179.631.624","23","14","2.613","1.144"
"23:36:41.722, 6 de dez de 2022","0,1","0,0","398.458.912","179.631.624","23","14","2.613","1.144"
"23:36:42.722, 6 de dez de 2022","0,1","0,0","398.458.912","179.631.624","23","14","2.613","1.144"
"23:36:43.723, 6 de dez de 2022","0,1","0,0","398.458.912","179.631.624","23","14","2.613","1.144"
"23:36:44.723, 6 de dez de 2022","0,1","0,0","398.458.912","179.631.624","23","14","2.613","1.144"
"23:36:45.723, 6 de dez de 2022","0,1","0,0","398.458.912","179.631.624","23","14","2.613","1.144"
"23:36:46.724, 6 de dez de 2022","0,1","0,0","398.458.912","180.680.200","23","14","2.613","1.144"
"23:36:47.724, 6 de dez de 2022","0,1","0,0","398.458.912","180.680.200","23","14","2.613","1.144"
"23:36:48.724, 6 de dez de 2022","0,3","0,0","398.458.912","180.680.200","23","14","2.613","1.144"
"23:36:49.725, 6 de dez de 2022","0,1","0,0","398.458.912","180.680.200","23","14","2.613","1.144"
"23:36:50.725, 6 de dez de 2022","0,1","0,0","398.458.912","180.680.200","23","14","2.613","1.144"
"23:36:51.725, 6 de dez de 2022","0,6","0,0","398.458.912","180.680.200","23","14","2.613","1.144"
"23:36:52.726, 6 de dez de 2022","0,1","0,0","398.458.912","180.680.200","23","14","2.613","1.144"
"23:36:53.726, 6 de dez de 2022","0,2","0,0","398.458.912","181.728.776","23","14","2.613","1.144"
"23:36:54.726, 6 de dez de 2022","0,1","0,0","398.458.912","181.728.776","23","14","2.613","1.144"
"23:36:55.727, 6 de dez de 2022","0,1","0,0","398.458.912","181.728.776","23","14","2.613","1.144"
"23:36:56.727, 6 de dez de 2022","0,1","0,0","398.458.912","181.728.776","23","14","2.613","1.144"
"23:36:57.727, 6 de dez de 2022","0,1","0,0","398.458.912","181.728.776","23","14","2.613","1.144"
"23:36:58.728, 6 de dez de 2022","0,1","0,0","398.458.912","181.728.776","23","14","2.613","1.144"
"23:36:59.728, 6 de dez de 2022","0,6","0,0","398.458.912","181.728.776","23","14","2.613","1.144"
"23:37:00.728, 6 de dez de 2022","0,2","0,0","398.458.912","182.777.352","23","14","2.613","1.144"
"23:37:01.729, 6 de dez de 2022","1,7","0,0","398.458.912","182.777.352","23","14","2.613","1.144"
"23:37:02.729, 6 de dez de 2022","0,1","0,0","398.458.912","182.777.352","23","14","2.613","1.144"
"23:37:03.729, 6 de dez de 2022","0,2","0,0","398.458.912","182.777.352","23","14","2.613","1.144"
"23:37:04.730, 6 de dez de 2022","0,1","0,0","398.458.912","182.777.352","23","14","2.613","1.144"
"23:37:05.730, 6 de dez de 2022","0,0","0,0","398.458.912","182.777.352","23","14","2.613","1.144"
"23:37:06.730, 6 de dez de 2022","0,1","0,0","398.458.912","182.777.352","23","14","2.613","1.144"
"23:37:07.731, 6 de dez de 2022","0,1","0,0","398.458.912","183.825.928","23","14","2.613","1.144"
"23:37:08.731, 6 de dez de 2022","0,2","0,0","398.458.912","183.825.928","23","14","2.613","1.144"
"23:37:09.731, 6 de dez de 2022","1,1","0,0","398.458.912","183.825.928","23","14","2.613","1.144"
"23:37:10.732, 6 de dez de 2022","0,8","0,0","398.458.912","183.825.928","23","14","2.613","1.144"
"23:37:11.732, 6 de dez de 2022","0,1","0,0","398.458.912","183.825.928","23","14","2.613","1.144"
"23:37:12.732, 6 de dez de 2022","0,1","0,0","398.458.912","183.825.928","23","14","2.613","1.144"
"23:37:13.733, 6 de dez de 2022","0,3","0,0","398.458.912","184.874.504","23","14","2.613","1.144"
"23:37:14.733, 6 de dez de 2022","0,2","0,0","398.458.912","184.874.504","23","14","2.613","1.144"
"23:37:15.733, 6 de dez de 2022","0,1","0,0","398.458.912","184.874.504","23","14","2.613","1.144"
"23:37:16.734, 6 de dez de 2022","0,1","0,0","398.458.912","184.874.504","23","14","2.613","1.144"
"23:37:17.734, 6 de dez de 2022","0,1","0,0","398.458.912","184.874.504","23","14","2.613","1.144"
"23:37:18.734, 6 de dez de 2022","0,1","0,0","398.458.912","184.874.504","23","14","2.613","1.144"
"23:37:19.735, 6 de dez de 2022","0,1","0,0","398.458.912","184.874.504","23","14","2.613","1.144"
"23:37:20.735, 6 de dez de 2022","0,1","0,0","398.458.912","185.923.080","23","14","2.613","1.144"
"23:37:21.735, 6 de dez de 2022","0,1","0,0","398.458.912","185.923.080","23","14","2.613","1.144"
"23:37:22.736, 6 de dez de 2022","0,1","0,0","398.458.912","185.923.080","23","14","2.613","1.144"
"23:37:23.736, 6 de dez de 2022","0,2","0,0","398.458.912","185.923.080","23","14","2.613","1.144"
"23:37:24.736, 6 de dez de 2022","0,0","0,0","398.458.912","185.923.080","23","14","2.613","1.144"
"23:37:25.736, 6 de dez de 2022","0,1","0,0","398.458.912","186.971.656","23","14","2.613","1.144"
"23:37:26.737, 6 de dez de 2022","0,1","0,0","398.458.912","186.971.656","23","14","2.613","1.144"
"23:37:27.737, 6 de dez de 2022","0,1","0,0","398.458.912","186.971.656","23","14","2.613","1.144"
"23:37:28.737, 6 de dez de 2022","0,2","0,0","398.458.912","186.971.656","23","14","2.613","1.144"
"23:37:29.738, 6 de dez de 2022","0,0","0,0","398.458.912","186.971.656","23","14","2.613","1.144"
"23:37:30.738, 6 de dez de 2022","0,1","0,0","398.458.912","186.971.656","23","14","2.613","1.144"
"23:37:31.738, 6 de dez de 2022","0,1","0,0","398.458.912","188.020.232","23","14","2.613","1.144"
"23:37:32.739, 6 de dez de 2022","0,1","0,0","398.458.912","188.020.232","23","14","2.613","1.144"
"23:37:33.739, 6 de dez de 2022","0,2","0,0","398.458.912","188.020.232","20","14","2.613","1.144"
"23:37:34.739, 6 de dez de 2022","0,1","0,0","398.458.912","188.020.232","20","14","2.613","1.144"
"23:37:35.740, 6 de dez de 2022","0,1","0,0","398.458.912","188.020.232","20","14","2.613","1.144"
"23:37:36.740, 6 de dez de 2022","0,1","0,0","398.458.912","188.020.232","20","14","2.613","1.144"
"23:37:37.740, 6 de dez de 2022","0,0","0,0","398.458.912","188.020.232","20","14","2.613","1.144"
"23:37:38.741, 6 de dez de 2022","0,2","0,0","398.458.912","189.068.808","20","14","2.613","1.144"
"23:37:39.741, 6 de dez de 2022","0,1","0,0","398.458.912","189.068.808","20","14","2.613","1.144"
"23:37:40.741, 6 de dez de 2022","0,1","0,0","398.458.912","189.068.808","20","14","2.613","1.144"
"23:37:41.741, 6 de dez de 2022","0,1","0,0","398.458.912","189.068.808","20","14","2.613","1.144"
"23:37:42.742, 6 de dez de 2022","0,1","0,0","398.458.912","189.068.808","20","14","2.613","1.144"
"23:37:43.742, 6 de dez de 2022","0,2","0,0","398.458.912","189.068.808","20","14","2.613","1.144"
"23:37:44.742, 6 de dez de 2022","0,1","0,0","398.458.912","189.068.808","20","14","2.613","1.144"
"23:37:45.743, 6 de dez de 2022","0,3","0,0","398.458.912","189.068.808","20","14","2.613","1.144"
"23:37:46.743, 6 de dez de 2022","0,2","0,0","398.458.912","190.117.384","20","14","2.613","1.144"
"23:37:47.743, 6 de dez de 2022","0,1","0,0","398.458.912","190.117.384","20","14","2.613","1.144"
"23:37:48.744, 6 de dez de 2022","0,1","0,0","398.458.912","190.117.384","20","14","2.613","1.144"
"23:37:49.744, 6 de dez de 2022","0,2","0,0","398.458.912","190.117.384","20","14","2.613","1.144"
"23:37:50.744, 6 de dez de 2022","0,1","0,0","398.458.912","190.117.384","20","14","2.613","1.144"
"23:37:51.745, 6 de dez de 2022","0,7","0,0","398.458.912","190.117.384","20","14","2.613","1.144"
"23:37:52.745, 6 de dez de 2022","0,1","0,0","398.458.912","190.117.384","20","14","2.613","1.144"
"23:37:53.745, 6 de dez de 2022","0,1","0,0","398.458.912","191.165.960","20","14","2.613","1.144"
"23:37:54.746, 6 de dez de 2022","0,1","0,0","398.458.912","191.165.960","20","14","2.613","1.144"
"23:37:55.746, 6 de dez de 2022","0,1","0,0","398.458.912","191.165.960","20","14","2.613","1.144"
"23:37:56.746, 6 de dez de 2022","0,1","0,0","398.458.912","191.165.960","20","14","2.613","1.144"
"23:37:57.747, 6 de dez de 2022","0,1","0,0","398.458.912","191.165.960","20","14","2.613","1.144"
"23:37:58.747, 6 de dez de 2022","0,1","0,0","398.458.912","191.165.960","20","14","2.613","1.144"
"23:37:59.747, 6 de dez de 2022","0,1","0,0","398.458.912","191.165.960","20","14","2.613","1.144"
"23:38:00.748, 6 de dez de 2022","0,1","0,0","398.458.912","191.165.960","20","14","2.613","1.144"
"23:38:01.748, 6 de dez de 2022","0,1","0,0","398.458.912","192.214.536","20","14","2.613","1.144"
"23:38:02.748, 6 de dez de 2022","0,1","0,0","398.458.912","192.214.536","20","14","2.613","1.144"
"23:38:03.749, 6 de dez de 2022","0,1","0,0","398.458.912","192.214.536","20","14","2.613","1.144"
"23:38:04.749, 6 de dez de 2022","0,1","0,0","398.458.912","192.214.536","20","14","2.613","1.144"
"23:38:05.749, 6 de dez de 2022","0,1","0,0","398.458.912","192.214.536","20","14","2.613","1.144"
"23:38:06.750, 6 de dez de 2022","0,0","0,0","398.458.912","192.214.536","20","14","2.613","1.144"
"23:38:07.750, 6 de dez de 2022","0,2","0,0","398.458.912","192.214.536","20","14","2.613","1.144"
"23:38:08.750, 6 de dez de 2022","0,1","0,0","398.458.912","193.263.112","20","14","2.613","1.144"
"23:38:09.751, 6 de dez de 2022","0,1","0,0","398.458.912","193.263.112","20","14","2.613","1.144"
"23:38:10.751, 6 de dez de 2022","0,1","0,0","398.458.912","193.263.112","20","14","2.613","1.144"
"23:38:11.751, 6 de dez de 2022","0,1","0,0","398.458.912","193.263.112","20","14","2.613","1.144"
"23:38:12.752, 6 de dez de 2022","0,1","0,0","398.458.912","193.263.112","20","14","2.613","1.144"
"23:38:13.752, 6 de dez de 2022","0,2","0,0","398.458.912","193.263.112","20","14","2.613","1.144"
"23:38:14.752, 6 de dez de 2022","0,1","0,0","398.458.912","193.263.112","20","14","2.613","1.144"
"23:38:15.753, 6 de dez de 2022","0,0","0,0","398.458.912","194.311.688","20","14","2.613","1.144"
"23:38:16.753, 6 de dez de 2022","0,1","0,0","398.458.912","194.311.688","20","14","2.613","1.144"
"23:38:17.753, 6 de dez de 2022","0,1","0,0","398.458.912","194.311.688","20","14","2.613","1.144"
"23:38:18.754, 6 de dez de 2022","0,1","0,0","398.458.912","194.311.688","20","14","2.613","1.144"
"23:38:19.754, 6 de dez de 2022","0,1","0,0","398.458.912","194.311.688","20","14","2.613","1.144"
"23:38:20.754, 6 de dez de 2022","0,1","0,0","398.458.912","194.311.688","20","14","2.613","1.144"
"23:38:21.755, 6 de dez de 2022","0,2","0,0","398.458.912","194.311.688","20","14","2.613","1.144"
"23:38:22.755, 6 de dez de 2022","0,0","0,0","398.458.912","194.311.688","20","14","2.613","1.144"
"23:38:23.755, 6 de dez de 2022","0,2","0,0","398.458.912","195.360.264","20","14","2.613","1.144"
"23:38:24.755, 6 de dez de 2022","0,1","0,0","398.458.912","195.360.264","20","14","2.613","1.144"
"23:38:25.756, 6 de dez de 2022","0,1","0,0","398.458.912","195.360.264","20","14","2.613","1.144"
"23:38:26.756, 6 de dez de 2022","0,1","0,0","398.458.912","196.408.840","20","14","2.613","1.144"
"23:38:27.756, 6 de dez de 2022","0,1","0,0","398.458.912","196.408.840","20","14","2.613","1.144"
"23:38:28.757, 6 de dez de 2022","0,1","0,0","398.458.912","196.408.840","20","14","2.613","1.144"
"23:38:29.757, 6 de dez de 2022","0,1","0,0","398.458.912","196.408.840","20","14","2.613","1.144"
"23:38:30.757, 6 de dez de 2022","0,1","0,0","398.458.912","196.408.840","20","14","2.613","1.144"
"23:38:31.758, 6 de dez de 2022","0,2","0,0","398.458.912","196.408.840","20","14","2.613","1.144"
"23:38:32.758, 6 de dez de 2022","0,0","0,0","398.458.912","196.408.840","20","14","2.613","1.144"
"23:38:33.758, 6 de dez de 2022","4,1","0,1","79.691.808","4.397.136","23","17","2.633","1.146"
"23:38:34.759, 6 de dez de 2022","6,7","0,1","178.257.952","10.715.368","23","17","2.633","1.146"
"23:38:35.759, 6 de dez de 2022","3,4","0,0","178.257.952","54.767.224","23","17","2.633","1.146"
"23:38:36.759, 6 de dez de 2022","5,9","0,1","213.909.536","32.761.536","24","18","2.633","1.146"
"23:38:37.759, 6 de dez de 2022","4,7","0,0","213.909.536","84.125.528","24","18","2.633","1.146"
"23:38:38.760, 6 de dez de 2022","1,7","0,0","213.909.536","108.292.384","24","18","2.633","1.146"
"23:38:39.760, 6 de dez de 2022","0,2","0,0","213.909.536","108.292.384","24","18","2.633","1.146"
"23:38:40.760, 6 de dez de 2022","0,2","0,0","213.909.536","108.292.384","24","18","2.633","1.146"
"23:38:41.761, 6 de dez de 2022","0,2","0,0","213.909.536","108.292.384","24","18","2.633","1.146"
"23:38:42.761, 6 de dez de 2022","0,1","0,0","213.909.536","109.340.960","24","18","2.633","1.146"
"23:38:43.761, 6 de dez de 2022","0,1","0,0","213.909.536","109.340.960","24","18","2.633","1.146"
"23:38:44.762, 6 de dez de 2022","0,1","0,0","213.909.536","109.340.960","24","18","2.633","1.146"
"23:38:45.762, 6 de dez de 2022","0,1","0,0","213.909.536","109.340.960","24","18","2.633","1.146"
"23:38:46.762, 6 de dez de 2022","2,1","0,0","213.909.536","110.389.536","24","18","2.633","1.146"
"23:38:47.763, 6 de dez de 2022","0,1","0,0","213.909.536","110.389.536","24","18","2.633","1.146"
"23:38:48.763, 6 de dez de 2022","0,0","0,0","213.909.536","110.389.536","24","18","2.633","1.146"
"23:38:49.763, 6 de dez de 2022","0,1","0,0","213.909.536","110.389.536","24","18","2.633","1.146"
"23:38:50.764, 6 de dez de 2022","0,1","0,0","213.909.536","110.389.536","24","18","2.633","1.146"
"23:38:51.764, 6 de dez de 2022","0,2","0,0","213.909.536","110.389.536","24","18","2.633","1.146"
"23:38:52.764, 6 de dez de 2022","0,3","0,0","213.909.536","111.438.112","24","18","2.633","1.146"
"23:38:53.765, 6 de dez de 2022","0,1","0,0","213.909.536","111.438.112","24","18","2.633","1.146"
"23:38:54.765, 6 de dez de 2022","0,1","0,0","213.909.536","111.438.112","24","18","2.633","1.146"
"23:38:55.765, 6 de dez de 2022","0,1","0,0","213.909.536","111.438.112","24","18","2.633","1.146"
"23:38:56.766, 6 de dez de 2022","0,1","0,0","213.909.536","111.438.112","24","18","2.633","1.146"
"23:38:57.766, 6 de dez de 2022","0,1","0,0","213.909.536","111.438.112","24","18","2.633","1.146"
"23:38:58.766, 6 de dez de 2022","2,1","0,0","213.909.536","112.486.688","24","18","2.633","1.146"
"23:38:59.767, 6 de dez de 2022","0,1","0,0","213.909.536","112.486.688","24","18","2.633","1.146"
"23:39:00.767, 6 de dez de 2022","0,1","0,0","213.909.536","112.486.688","24","18","2.633","1.146"
"23:39:01.767, 6 de dez de 2022","0,0","0,0","213.909.536","112.486.688","24","18","2.633","1.146"
"23:39:02.768, 6 de dez de 2022","0,2","0,0","213.909.536","112.486.688","24","18","2.633","1.146"
"23:39:03.768, 6 de dez de 2022","0,1","0,0","213.909.536","113.535.264","24","18","2.633","1.146"
"23:39:04.768, 6 de dez de 2022","0,0","0,0","213.909.536","113.535.264","24","18","2.633","1.146"
"23:39:05.769, 6 de dez de 2022","0,2","0,0","213.909.536","113.535.264","24","18","2.633","1.146"
"23:39:06.769, 6 de dez de 2022","0,1","0,0","213.909.536","113.535.264","24","18","2.633","1.146"
"23:39:07.769, 6 de dez de 2022","0,1","0,0","213.909.536","113.535.264","24","18","2.633","1.146"
"23:39:08.769, 6 de dez de 2022","0,2","0,0","213.909.536","113.535.264","23","17","2.633","1.146"
"23:39:09.770, 6 de dez de 2022","0,1","0,0","213.909.536","114.583.840","23","17","2.633","1.146"
"23:39:10.770, 6 de dez de 2022","0,1","0,0","213.909.536","114.583.840","23","17","2.633","1.146"
"23:39:11.770, 6 de dez de 2022","0,1","0,0","213.909.536","114.583.840","23","17","2.633","1.146"
"23:39:12.771, 6 de dez de 2022","0,1","0,0","213.909.536","114.583.840","23","17","2.633","1.146"
"23:39:13.771, 6 de dez de 2022","0,2","0,0","213.909.536","114.583.840","23","17","2.633","1.146"
"23:39:14.771, 6 de dez de 2022","0,1","0,0","213.909.536","114.583.840","23","17","2.633","1.146"
"23:39:15.772, 6 de dez de 2022","0,0","0,0","213.909.536","115.632.416","23","17","2.633","1.146"
"23:39:16.772, 6 de dez de 2022","0,2","0,0","213.909.536","115.632.416","23","17","2.633","1.146"
"23:39:17.772, 6 de dez de 2022","0,0","0,0","213.909.536","115.632.416","23","17","2.633","1.146"
"23:39:18.773, 6 de dez de 2022","0,2","0,0","213.909.536","115.632.416","23","17","2.633","1.146"
"23:39:19.773, 6 de dez de 2022","0,1","0,0","213.909.536","115.632.416","23","17","2.633","1.146"
"23:39:20.773, 6 de dez de 2022","0,0","0,0","213.909.536","116.680.992","23","17","2.633","1.146"
"23:39:21.774, 6 de dez de 2022","0,1","0,0","213.909.536","116.680.992","23","17","2.633","1.146"
"23:39:22.774, 6 de dez de 2022","0,2","0,0","213.909.536","116.680.992","23","17","2.633","1.146"
"23:39:23.774, 6 de dez de 2022","0,0","0,0","213.909.536","116.680.992","23","17","2.633","1.146"
"23:39:24.775, 6 de dez de 2022","0,1","0,0","213.909.536","116.680.992","23","17","2.633","1.146"
"23:39:25.775, 6 de dez de 2022","0,1","0,0","213.909.536","116.680.992","23","17","2.633","1.146"
"23:39:26.775, 6 de dez de 2022","0,2","0,0","213.909.536","117.729.568","23","17","2.633","1.146"
"23:39:27.776, 6 de dez de 2022","0,1","0,0","213.909.536","117.729.568","23","17","2.633","1.146"
"23:39:28.776, 6 de dez de 2022","0,1","0,0","213.909.536","117.729.568","23","17","2.633","1.146"
"23:39:29.776, 6 de dez de 2022","0,3","0,0","213.909.536","117.729.568","23","17","2.633","1.146"
"23:39:30.777, 6 de dez de 2022","0,1","0,0","213.909.536","117.729.568","23","17","2.633","1.146"
"23:39:31.777, 6 de dez de 2022","0,0","0,0","213.909.536","117.729.568","23","17","2.633","1.146"
"23:39:32.777, 6 de dez de 2022","0,1","0,0","213.909.536","118.778.144","23","17","2.633","1.146"
"23:39:33.778, 6 de dez de 2022","0,1","0,0","213.909.536","118.778.144","23","17","2.633","1.146"
"23:39:34.778, 6 de dez de 2022","0,1","0,0","213.909.536","118.778.144","23","17","2.633","1.146"
"23:39:35.778, 6 de dez de 2022","3,9","0,0","213.909.536","118.778.144","23","17","2.633","1.146"
"23:39:36.778, 6 de dez de 2022","1,3","0,0","213.909.536","118.778.144","23","17","2.633","1.146"
"23:39:37.779, 6 de dez de 2022","0,1","0,0","213.909.536","119.826.720","23","17","2.633","1.146"
"23:39:38.779, 6 de dez de 2022","0,1","0,0","213.909.536","119.826.720","22","16","2.633","1.146"
"23:39:39.779, 6 de dez de 2022","0,1","0,0","213.909.536","119.826.720","22","16","2.633","1.146"
"23:39:40.780, 6 de dez de 2022","0,1","0,0","213.909.536","119.826.720","22","16","2.633","1.146"
"23:39:41.780, 6 de dez de 2022","0,2","0,0","213.909.536","119.826.720","22","16","2.633","1.146"
"23:39:42.780, 6 de dez de 2022","0,3","0,0","213.909.536","119.826.720","22","16","2.633","1.146"
"23:39:43.781, 6 de dez de 2022","0,1","0,0","213.909.536","120.875.296","22","16","2.633","1.146"
"23:39:44.781, 6 de dez de 2022","0,1","0,0","213.909.536","120.875.296","22","16","2.633","1.146"
"23:39:45.781, 6 de dez de 2022","0,1","0,0","213.909.536","120.875.296","22","16","2.633","1.146"
"23:39:46.781, 6 de dez de 2022","0,1","0,0","213.909.536","120.875.296","22","16","2.633","1.146"
"23:39:47.782, 6 de dez de 2022","0,1","0,0","213.909.536","120.875.296","22","16","2.633","1.146"
"23:39:48.782, 6 de dez de 2022","0,0","0,0","213.909.536","120.875.296","22","16","2.633","1.146"
"23:39:49.782, 6 de dez de 2022","0,2","0,0","213.909.536","121.923.872","22","16","2.633","1.146"
"23:39:50.783, 6 de dez de 2022","0,0","0,0","213.909.536","121.923.872","22","16","2.633","1.146"
"23:39:51.783, 6 de dez de 2022","0,2","0,0","213.909.536","121.923.872","22","16","2.633","1.146"
"23:39:52.783, 6 de dez de 2022","0,1","0,0","213.909.536","121.923.872","22","16","2.633","1.146"
"23:39:53.784, 6 de dez de 2022","0,1","0,0","213.909.536","121.923.872","22","16","2.633","1.146"
"23:39:54.784, 6 de dez de 2022","0,0","0,0","213.909.536","121.923.872","22","16","2.633","1.146"
"23:39:55.784, 6 de dez de 2022","0,1","0,0","213.909.536","122.972.448","22","16","2.633","1.146"
"23:39:56.785, 6 de dez de 2022","0,1","0,0","213.909.536","122.972.448","22","16","2.633","1.146"
"23:39:57.785, 6 de dez de 2022","0,1","0,0","213.909.536","122.972.448","22","16","2.633","1.146"
"23:39:58.785, 6 de dez de 2022","0,2","0,0","213.909.536","122.972.448","22","16","2.633","1.146"
"23:39:59.786, 6 de dez de 2022","0,1","0,0","213.909.536","122.972.448","22","16","2.633","1.146"
"23:40:00.786, 6 de dez de 2022","0,0","0,0","213.909.536","122.972.448","22","16","2.633","1.146"
"23:40:01.786, 6 de dez de 2022","0,2","0,0","213.909.536","124.021.024","22","16","2.633","1.146"
"23:40:02.787, 6 de dez de 2022","0,1","0,0","213.909.536","124.021.024","22","16","2.633","1.146"
"23:40:03.787, 6 de dez de 2022","0,1","0,0","213.909.536","124.021.024","22","16","2.633","1.146"
"23:40:04.787, 6 de dez de 2022","0,0","0,0","213.909.536","124.021.024","22","16","2.633","1.146"
"23:40:05.788, 6 de dez de 2022","0,4","0,0","213.909.536","124.021.024","22","16","2.633","1.146"
"23:40:06.788, 6 de dez de 2022","0,1","0,0","213.909.536","124.021.024","22","16","2.633","1.146"
"23:40:07.788, 6 de dez de 2022","0,1","0,0","213.909.536","125.069.600","22","16","2.633","1.146"
"23:40:08.789, 6 de dez de 2022","0,1","0,0","213.909.536","125.069.600","21","15","2.633","1.146"
"23:40:09.789, 6 de dez de 2022","0,2","0,0","213.909.536","125.069.600","21","15","2.633","1.146"
"23:40:10.789, 6 de dez de 2022","0,1","0,0","213.909.536","125.069.600","21","15","2.633","1.146"
"23:40:11.790, 6 de dez de 2022","0,1","0,0","213.909.536","125.069.600","21","15","2.633","1.146"
"23:40:12.790, 6 de dez de 2022","0,1","0,0","213.909.536","125.069.600","21","15","2.633","1.146"
"23:40:13.790, 6 de dez de 2022","0,2","0,0","213.909.536","126.118.176","21","15","2.633","1.146"
"23:40:14.791, 6 de dez de 2022","0,1","0,0","213.909.536","126.118.176","21","15","2.633","1.146"
"23:40:15.791, 6 de dez de 2022","0,1","0,0","213.909.536","126.118.176","21","15","2.633","1.146"
"23:40:16.791, 6 de dez de 2022","0,1","0,0","213.909.536","126.118.176","21","15","2.633","1.146"
"23:40:17.792, 6 de dez de 2022","0,1","0,0","213.909.536","126.118.176","21","15","2.633","1.146"
"23:40:18.792, 6 de dez de 2022","0,1","0,0","213.909.536","126.118.176","21","15","2.633","1.146"
"23:40:19.792, 6 de dez de 2022","0,2","0,0","213.909.536","127.166.752","21","15","2.633","1.146"
"23:40:20.793, 6 de dez de 2022","0,1","0,0","213.909.536","127.166.752","21","15","2.633","1.146"
"23:40:21.793, 6 de dez de 2022","0,0","0,0","213.909.536","127.166.752","21","15","2.633","1.146"
"23:40:22.793, 6 de dez de 2022","0,1","0,0","213.909.536","127.166.752","21","15","2.633","1.146"
"23:40:23.794, 6 de dez de 2022","0,1","0,0","213.909.536","127.166.752","21","15","2.633","1.146"
"23:40:24.794, 6 de dez de 2022","0,1","0,0","213.909.536","127.166.752","21","15","2.633","1.146"
"23:40:25.794, 6 de dez de 2022","0,1","0,0","213.909.536","128.215.328","21","15","2.633","1.146"
"23:40:26.795, 6 de dez de 2022","0,2","0,0","213.909.536","128.215.328","21","15","2.633","1.146"
"23:40:27.795, 6 de dez de 2022","0,1","0,0","213.909.536","128.215.328","21","15","2.633","1.146"
"23:40:28.795, 6 de dez de 2022","0,1","0,0","213.909.536","128.215.328","21","15","2.633","1.146"
"23:40:29.796, 6 de dez de 2022","0,0","0,0","213.909.536","128.215.328","21","15","2.633","1.146"
"23:40:30.796, 6 de dez de 2022","0,1","0,0","213.909.536","128.215.328","21","15","2.633","1.146"
"23:40:31.796, 6 de dez de 2022","0,1","0,0","213.909.536","128.215.328","21","15","2.633","1.146"
"23:40:32.797, 6 de dez de 2022","0,1","0,0","213.909.536","129.263.904","21","15","2.633","1.146"
"23:40:33.797, 6 de dez de 2022","0,4","0,0","213.909.536","129.263.904","21","15","2.633","1.146"
"23:40:34.797, 6 de dez de 2022","0,4","0,0","213.909.536","129.263.904","21","15","2.633","1.146"
"23:40:35.798, 6 de dez de 2022","0,1","0,0","213.909.536","129.263.904","21","15","2.633","1.146"
"23:40:36.798, 6 de dez de 2022","0,1","0,0","213.909.536","129.263.904","21","15","2.633","1.146"
"23:40:37.798, 6 de dez de 2022","0,1","0,0","213.909.536","4.446.728","21","15","2.633","1.146"
"23:40:38.798, 6 de dez de 2022","0,7","0,0","213.909.536","15.981.064","53","14","2.635","1.146"
"23:40:39.799, 6 de dez de 2022","4,7","0,1","256.901.152","51.399.184","72","14","2.635","1.146"
"23:40:40.799, 6 de dez de 2022","3,2","0,0","256.901.152","119.569.664","73","14","2.635","1.146"
"23:40:41.799, 6 de dez de 2022","6,8","0,1","308.281.376","46.271.168","73","14","2.637","1.146"
"23:40:42.800, 6 de dez de 2022","5,2","0,0","308.281.376","128.029.200","73","14","2.637","1.146"
"23:40:43.800, 6 de dez de 2022","2,6","0,0","308.281.376","161.569.976","73","14","2.637","1.146"
"23:40:44.800, 6 de dez de 2022","0,6","0,0","308.281.376","161.569.976","73","14","2.637","1.146"
"23:40:45.801, 6 de dez de 2022","0,1","0,0","308.281.376","162.618.552","73","14","2.637","1.146"
"23:40:46.801, 6 de dez de 2022","0,1","0,0","308.281.376","163.667.128","73","14","2.637","1.146"
"23:40:47.801, 6 de dez de 2022","0,2","0,0","308.281.376","163.667.128","73","14","2.637","1.146"
"23:40:48.801, 6 de dez de 2022","0,1","0,0","308.281.376","163.667.128","73","14","2.637","1.146"
"23:40:49.802, 6 de dez de 2022","0,1","0,0","308.281.376","163.667.128","73","14","2.637","1.146"
"23:40:50.802, 6 de dez de 2022","0,1","0,0","308.281.376","164.715.704","73","14","2.637","1.146"
"23:40:51.802, 6 de dez de 2022","0,2","0,0","308.281.376","164.715.704","73","14","2.637","1.146"
"23:40:52.803, 6 de dez de 2022","0,1","0,0","308.281.376","164.715.704","73","14","2.637","1.146"
"23:40:53.803, 6 de dez de 2022","0,1","0,0","308.281.376","165.764.280","73","14","2.637","1.146"
"23:40:54.804, 6 de dez de 2022","0,1","0,0","308.281.376","165.764.280","73","14","2.637","1.146"
"23:40:55.804, 6 de dez de 2022","0,2","0,0","308.281.376","165.764.280","73","14","2.637","1.146"
"23:40:56.804, 6 de dez de 2022","0,1","0,0","308.281.376","166.812.856","73","14","2.637","1.146"
"23:40:57.805, 6 de dez de 2022","0,1","0,0","308.281.376","166.812.856","73","14","2.637","1.146"
"23:40:58.805, 6 de dez de 2022","0,1","0,0","308.281.376","166.812.856","73","14","2.637","1.146"
"23:40:59.805, 6 de dez de 2022","0,2","0,0","308.281.376","167.861.432","73","14","2.637","1.146"
"23:41:00.805, 6 de dez de 2022","0,2","0,0","308.281.376","167.861.432","73","14","2.637","1.146"
"23:41:01.806, 6 de dez de 2022","0,2","0,0","308.281.376","167.861.432","73","14","2.637","1.146"
"23:41:02.806, 6 de dez de 2022","2,6","0,0","308.281.376","167.861.432","73","14","2.637","1.146"
"23:41:03.806, 6 de dez de 2022","0,2","0,0","308.281.376","168.910.008","73","14","2.637","1.146"
"23:41:04.807, 6 de dez de 2022","0,1","0,0","308.281.376","168.910.008","73","14","2.637","1.146"
"23:41:05.807, 6 de dez de 2022","0,1","0,0","308.281.376","168.910.008","73","14","2.637","1.146"
"23:41:06.807, 6 de dez de 2022","0,2","0,0","308.281.376","169.958.584","73","14","2.637","1.146"
"23:41:07.808, 6 de dez de 2022","0,0","0,0","308.281.376","169.958.584","73","14","2.637","1.146"
"23:41:08.808, 6 de dez de 2022","0,2","0,0","308.281.376","169.958.584","73","14","2.637","1.146"
"23:41:09.808, 6 de dez de 2022","0,1","0,0","308.281.376","171.007.160","73","14","2.637","1.146"
"23:41:10.809, 6 de dez de 2022","0,9","0,0","308.281.376","171.007.160","73","14","2.637","1.146"
"23:41:11.809, 6 de dez de 2022","0,1","0,0","308.281.376","171.007.160","73","14","2.637","1.146"
"23:41:12.809, 6 de dez de 2022","0,2","0,0","308.281.376","171.007.160","73","14","2.637","1.146"
"23:41:13.810, 6 de dez de 2022","0,0","0,0","308.281.376","172.055.736","73","14","2.637","1.146"
"23:41:14.810, 6 de dez de 2022","0,2","0,0","308.281.376","172.055.736","73","14","2.637","1.146"
"23:41:15.810, 6 de dez de 2022","0,1","0,0","308.281.376","172.055.736","73","14","2.637","1.146"
"23:41:16.811, 6 de dez de 2022","0,2","0,0","308.281.376","173.104.312","73","14","2.637","1.146"
"23:41:17.811, 6 de dez de 2022","0,2","0,0","308.281.376","173.104.312","73","14","2.637","1.146"
"23:41:18.811, 6 de dez de 2022","0,0","0,0","308.281.376","173.104.312","73","14","2.637","1.146"
"23:41:19.812, 6 de dez de 2022","0,2","0,0","308.281.376","174.152.888","73","14","2.637","1.146"
"23:41:20.812, 6 de dez de 2022","0,1","0,0","308.281.376","174.152.888","73","14","2.637","1.146"
"23:41:21.812, 6 de dez de 2022","0,1","0,0","308.281.376","174.152.888","73","14","2.637","1.146"
"23:41:22.813, 6 de dez de 2022","0,3","0,0","308.281.376","175.201.464","73","14","2.637","1.146"
"23:41:23.813, 6 de dez de 2022","0,8","0,0","308.281.376","175.201.464","73","14","2.637","1.146"
"23:41:24.813, 6 de dez de 2022","0,1","0,0","308.281.376","175.201.464","73","14","2.637","1.146"
"23:41:25.814, 6 de dez de 2022","0,1","0,0","308.281.376","175.201.464","73","14","2.637","1.146"
"23:41:26.814, 6 de dez de 2022","0,1","0,0","308.281.376","176.250.040","73","14","2.637","1.146"
"23:41:27.814, 6 de dez de 2022","0,6","0,0","308.281.376","176.250.040","73","14","2.637","1.146"
"23:41:28.815, 6 de dez de 2022","0,3","0,0","308.281.376","176.250.040","73","14","2.637","1.146"
"23:41:29.815, 6 de dez de 2022","0,1","0,0","308.281.376","177.298.616","73","14","2.637","1.146"
"23:41:30.815, 6 de dez de 2022","0,2","0,0","308.281.376","177.298.616","73","14","2.637","1.146"
"23:41:31.816, 6 de dez de 2022","0,1","0,0","308.281.376","177.298.616","73","14","2.637","1.146"
"23:41:32.816, 6 de dez de 2022","0,1","0,0","308.281.376","178.347.192","73","14","2.637","1.146"
"23:41:33.816, 6 de dez de 2022","0,2","0,0","308.281.376","178.347.192","73","14","2.637","1.146"
"23:41:34.816, 6 de dez de 2022","0,1","0,0","308.281.376","178.347.192","73","14","2.637","1.146"
"23:41:35.817, 6 de dez de 2022","0,0","0,0","308.281.376","179.395.768","73","14","2.637","1.146"
"23:41:36.817, 6 de dez de 2022","0,1","0,0","308.281.376","179.395.768","73","14","2.637","1.146"
"23:41:37.817, 6 de dez de 2022","0,3","0,0","308.281.376","179.395.768","73","14","2.637","1.146"
"23:41:38.818, 6 de dez de 2022","0,1","0,0","308.281.376","180.444.344","73","14","2.637","1.146"
"23:41:39.818, 6 de dez de 2022","0,1","0,0","308.281.376","180.444.344","73","14","2.637","1.146"
"23:41:40.818, 6 de dez de 2022","0,3","0,0","308.281.376","180.444.344","73","14","2.637","1.146"
"23:41:41.819, 6 de dez de 2022","1,4","0,0","308.281.376","181.492.920","73","14","2.637","1.146"
"23:41:42.819, 6 de dez de 2022","0,4","0,0","308.281.376","181.492.920","73","14","2.637","1.146"
"23:41:43.819, 6 de dez de 2022","0,3","0,0","308.281.376","181.492.920","35","14","2.637","1.146"
"23:41:44.820, 6 de dez de 2022","0,3","0,0","308.281.376","181.492.920","20","14","2.638","1.146"
"23:41:45.820, 6 de dez de 2022","0,1","0,0","308.281.376","181.492.920","20","14","2.638","1.146"
"23:41:46.820, 6 de dez de 2022","0,1","0,0","308.281.376","182.541.496","20","14","2.638","1.146"
"23:41:47.820, 6 de dez de 2022","0,1","0,0","308.281.376","182.541.496","20","14","2.638","1.146"
"23:41:48.821, 6 de dez de 2022","0,1","0,0","308.281.376","182.541.496","20","14","2.638","1.146"
"23:41:49.821, 6 de dez de 2022","0,1","0,0","308.281.376","182.541.496","20","14","2.638","1.146"
"23:41:50.821, 6 de dez de 2022","0,0","0,0","308.281.376","182.541.496","20","14","2.638","1.146"
"23:41:51.822, 6 de dez de 2022","0,2","0,0","308.281.376","182.541.496","20","14","2.638","1.146"
"23:41:52.822, 6 de dez de 2022","0,0","0,0","308.281.376","182.541.496","20","14","2.638","1.146"
"23:41:53.822, 6 de dez de 2022","0,1","0,0","308.281.376","183.590.072","20","14","2.638","1.146"
"23:41:54.823, 6 de dez de 2022","0,1","0,0","308.281.376","183.590.072","20","14","2.638","1.146"
"23:41:55.823, 6 de dez de 2022","0,1","0,0","308.281.376","183.590.072","20","14","2.638","1.146"
"23:41:56.823, 6 de dez de 2022","0,2","0,0","308.281.376","183.590.072","20","14","2.638","1.146"
"23:41:57.824, 6 de dez de 2022","0,0","0,0","308.281.376","183.590.072","20","14","2.638","1.146"
"23:41:58.824, 6 de dez de 2022","0,1","0,0","308.281.376","183.590.072","20","14","2.638","1.146"
"23:41:59.824, 6 de dez de 2022","0,1","0,0","308.281.376","183.590.072","20","14","2.638","1.146"
"23:42:00.825, 6 de dez de 2022","0,0","0,0","308.281.376","184.638.648","20","14","2.638","1.146"
"23:42:01.825, 6 de dez de 2022","0,2","0,0","308.281.376","184.638.648","20","14","2.638","1.146"
"23:42:02.825, 6 de dez de 2022","0,1","0,0","308.281.376","184.638.648","20","14","2.638","1.146"
"23:42:03.825, 6 de dez de 2022","0,0","0,0","308.281.376","184.638.648","20","14","2.638","1.146"
"23:42:04.826, 6 de dez de 2022","0,2","0,0","308.281.376","184.638.648","20","14","2.638","1.146"
"23:42:05.826, 6 de dez de 2022","0,0","0,0","308.281.376","184.638.648","20","14","2.638","1.146"
"23:42:06.826, 6 de dez de 2022","0,2","0,0","308.281.376","184.638.648","20","14","2.638","1.146"
"23:42:07.827, 6 de dez de 2022","0,0","0,0","308.281.376","184.638.648","20","14","2.638","1.146"
"23:42:08.827, 6 de dez de 2022","0,1","0,0","308.281.376","185.687.224","20","14","2.638","1.146"
"23:42:09.827, 6 de dez de 2022","0,2","0,0","308.281.376","185.687.224","20","14","2.638","1.146"
"23:42:10.828, 6 de dez de 2022","0,0","0,0","308.281.376","185.687.224","20","14","2.638","1.146"
"23:42:11.828, 6 de dez de 2022","0,2","0,0","308.281.376","185.687.224","20","14","2.638","1.146"
"23:42:12.828, 6 de dez de 2022","0,1","0,0","308.281.376","185.687.224","20","14","2.638","1.146"
"23:42:13.829, 6 de dez de 2022","0,1","0,0","308.281.376","185.687.224","20","14","2.638","1.146"
"23:42:14.829, 6 de dez de 2022","0,0","0,0","308.281.376","185.687.224","20","14","2.638","1.146"
"23:42:15.829, 6 de dez de 2022","0,1","0,0","308.281.376","186.735.800","20","14","2.638","1.146"
"23:42:16.830, 6 de dez de 2022","0,1","0,0","308.281.376","186.735.800","20","14","2.638","1.146"
"23:42:17.830, 6 de dez de 2022","0,1","0,0","308.281.376","186.735.800","20","14","2.638","1.146"
"23:42:18.830, 6 de dez de 2022","0,1","0,0","308.281.376","186.735.800","20","14","2.638","1.146"
"23:42:19.831, 6 de dez de 2022","0,0","0,0","308.281.376","186.735.800","20","14","2.638","1.146"
"23:42:20.831, 6 de dez de 2022","0,2","0,0","308.281.376","186.735.800","20","14","2.638","1.146"
"23:42:21.831, 6 de dez de 2022","0,0","0,0","308.281.376","186.735.800","20","14","2.638","1.146"
"23:42:22.832, 6 de dez de 2022","0,1","0,0","308.281.376","187.784.376","20","14","2.638","1.146"
"23:42:23.832, 6 de dez de 2022","0,1","0,0","308.281.376","187.784.376","20","14","2.638","1.146"
"23:42:24.832, 6 de dez de 2022","0,1","0,0","308.281.376","187.784.376","20","14","2.638","1.146"
"23:42:25.833, 6 de dez de 2022","0,1","0,0","308.281.376","187.784.376","20","14","2.638","1.146"
"23:42:26.833, 6 de dez de 2022","0,0","0,0","308.281.376","187.784.376","20","14","2.638","1.146"
"23:42:27.833, 6 de dez de 2022","0,1","0,0","308.281.376","187.784.376","20","14","2.638","1.146"
"23:42:28.833, 6 de dez de 2022","0,2","0,0","308.281.376","187.784.376","20","14","2.638","1.146"
"23:42:29.834, 6 de dez de 2022","0,1","0,0","308.281.376","187.784.376","20","14","2.638","1.146"
"23:42:30.834, 6 de dez de 2022","0,1","0,0","308.281.376","5.898.632","20","14","2.638","1.146"
"23:42:31.834, 6 de dez de 2022","0,1","0,0","308.281.376","5.898.632","20","14","2.638","1.146"
"23:42:32.835, 6 de dez de 2022","0,1","0,0","308.281.376","5.898.632","20","14","2.638","1.146"
"23:42:33.835, 6 de dez de 2022","0,1","0,0","308.281.376","5.898.632","20","14","2.638","1.146"
"23:42:34.835, 6 de dez de 2022","0,2","0,0","308.281.376","5.898.632","20","14","2.638","1.146"
"23:42:35.836, 6 de dez de 2022","0,1","0,0","308.281.376","5.898.632","20","14","2.638","1.146"
"23:42:36.836, 6 de dez de 2022","0,1","0,0","308.281.376","6.947.208","20","14","2.638","1.146"
"23:42:37.836, 6 de dez de 2022","0,1","0,0","308.281.376","6.947.208","20","14","2.638","1.146"
"23:42:38.837, 6 de dez de 2022","0,1","0,0","308.281.376","6.947.208","20","14","2.638","1.146"
"23:42:39.837, 6 de dez de 2022","0,1","0,0","308.281.376","6.947.208","20","14","2.638","1.146"
"23:42:40.837, 6 de dez de 2022","0,0","0,0","308.281.376","6.947.208","20","14","2.638","1.146"
"23:42:41.838, 6 de dez de 2022","0,1","0,0","308.281.376","6.947.208","20","14","2.638","1.146"
"23:42:42.838, 6 de dez de 2022","0,1","0,0","308.281.376","6.947.208","20","14","2.638","1.146"
"23:42:43.838, 6 de dez de 2022","0,3","0,0","308.281.376","7.995.784","20","14","2.638","1.146"
"23:42:44.838, 6 de dez de 2022","2,3","0,0","308.281.376","36.917.104","24","18","2.639","1.146"
"23:42:45.839, 6 de dez de 2022","6,3","0,0","308.281.376","31.742.816","25","19","2.639","1.146"
"23:42:46.839, 6 de dez de 2022","5,9","0,0","308.281.376","86.356.440","25","19","2.639","1.146"
"23:42:47.839, 6 de dez de 2022","6,7","0,0","308.281.376","158.745.056","25","19","2.639","1.146"
"23:42:48.839, 6 de dez de 2022","3,9","0,0","308.281.376","89.587.248","25","19","2.639","1.146"
"23:42:49.840, 6 de dez de 2022","1,2","0,0","308.281.376","93.781.552","28","22","2.639","1.146"
"23:42:50.840, 6 de dez de 2022","0,3","0,0","308.281.376","93.781.552","28","22","2.639","1.146"
"23:42:51.841, 6 de dez de 2022","0,1","0,0","308.281.376","93.781.552","28","22","2.639","1.146"
"23:42:52.841, 6 de dez de 2022","0,1","0,0","308.281.376","93.781.552","28","22","2.639","1.146"
"23:42:53.841, 6 de dez de 2022","0,1","0,0","308.281.376","93.781.552","28","22","2.639","1.146"
"23:42:54.842, 6 de dez de 2022","0,1","0,0","308.281.376","93.781.552","28","22","2.639","1.146"
"23:42:55.842, 6 de dez de 2022","0,1","0,0","308.281.376","93.781.552","28","22","2.639","1.146"
"23:42:56.842, 6 de dez de 2022","0,1","0,0","308.281.376","94.830.128","28","22","2.639","1.146"
"23:42:57.843, 6 de dez de 2022","0,1","0,0","308.281.376","94.830.128","28","22","2.639","1.146"
"23:42:58.843, 6 de dez de 2022","0,1","0,0","308.281.376","94.830.128","28","22","2.639","1.146"
"23:42:59.843, 6 de dez de 2022","0,1","0,0","308.281.376","94.830.128","28","22","2.639","1.146"
"23:43:00.843, 6 de dez de 2022","0,0","0,0","308.281.376","94.830.128","28","22","2.639","1.146"
"23:43:01.844, 6 de dez de 2022","0,2","0,0","308.281.376","95.878.704","28","22","2.639","1.146"
"23:43:02.844, 6 de dez de 2022","0,0","0,0","308.281.376","95.878.704","28","22","2.639","1.146"
"23:43:03.844, 6 de dez de 2022","0,1","0,0","308.281.376","95.878.704","28","22","2.639","1.146"
"23:43:04.845, 6 de dez de 2022","0,1","0,0","308.281.376","95.878.704","28","22","2.639","1.146"
"23:43:05.845, 6 de dez de 2022","0,1","0,0","308.281.376","95.878.704","28","22","2.639","1.146"
"23:43:06.845, 6 de dez de 2022","0,2","0,0","308.281.376","95.878.704","28","22","2.639","1.146"
"23:43:07.846, 6 de dez de 2022","0,1","0,0","308.281.376","95.878.704","28","22","2.639","1.146"
"23:43:08.846, 6 de dez de 2022","0,2","0,0","308.281.376","96.927.280","28","22","2.639","1.146"
"23:43:09.846, 6 de dez de 2022","0,1","0,0","308.281.376","96.927.280","28","22","2.639","1.146"
"23:43:10.847, 6 de dez de 2022","0,0","0,0","308.281.376","96.927.280","28","22","2.639","1.146"
"23:43:11.847, 6 de dez de 2022","0,1","0,0","308.281.376","96.927.280","28","22","2.639","1.146"
"23:43:12.847, 6 de dez de 2022","0,1","0,0","308.281.376","96.927.280","28","22","2.639","1.146"
"23:43:13.847, 6 de dez de 2022","0,1","0,0","308.281.376","96.927.280","28","22","2.639","1.146"
"23:43:14.848, 6 de dez de 2022","0,1","0,0","308.281.376","97.975.856","28","22","2.639","1.146"
"23:43:15.848, 6 de dez de 2022","0,1","0,0","308.281.376","97.975.856","28","22","2.639","1.146"
"23:43:16.849, 6 de dez de 2022","0,1","0,0","308.281.376","97.975.856","28","22","2.639","1.146"
"23:43:17.849, 6 de dez de 2022","0,1","0,0","308.281.376","97.975.856","28","22","2.639","1.146"
"23:43:18.849, 6 de dez de 2022","0,2","0,0","308.281.376","97.975.856","28","22","2.639","1.146"
"23:43:19.849, 6 de dez de 2022","0,1","0,0","308.281.376","97.975.856","27","21","2.639","1.146"
"23:43:20.850, 6 de dez de 2022","0,0","0,0","308.281.376","99.024.432","27","21","2.639","1.146"
"23:43:21.850, 6 de dez de 2022","0,6","0,0","308.281.376","99.024.432","27","21","2.639","1.146"
"23:43:22.850, 6 de dez de 2022","0,1","0,0","308.281.376","99.024.432","27","21","2.639","1.146"
"23:43:23.851, 6 de dez de 2022","0,2","0,0","308.281.376","99.024.432","27","21","2.639","1.146"
"23:43:24.851, 6 de dez de 2022","0,2","0,0","308.281.376","99.024.432","27","21","2.639","1.146"
"23:43:25.851, 6 de dez de 2022","0,0","0,0","308.281.376","99.024.432","27","21","2.639","1.146"
"23:43:26.851, 6 de dez de 2022","0,2","0,0","308.281.376","99.024.432","27","21","2.639","1.146"
"23:43:27.852, 6 de dez de 2022","0,0","0,0","308.281.376","100.073.008","27","21","2.639","1.146"
"23:43:28.852, 6 de dez de 2022","0,1","0,0","308.281.376","100.073.008","27","21","2.639","1.146"
"23:43:29.852, 6 de dez de 2022","0,1","0,0","308.281.376","100.073.008","27","21","2.639","1.146"
"23:43:30.853, 6 de dez de 2022","0,1","0,0","308.281.376","100.073.008","27","21","2.639","1.146"
"23:43:31.853, 6 de dez de 2022","0,1","0,0","308.281.376","100.073.008","27","21","2.639","1.146"
"23:43:32.853, 6 de dez de 2022","0,1","0,0","308.281.376","100.073.008","27","21","2.639","1.146"
"23:43:33.854, 6 de dez de 2022","0,1","0,0","308.281.376","101.121.584","27","21","2.639","1.146"
"23:43:34.854, 6 de dez de 2022","0,1","0,0","308.281.376","101.121.584","27","21","2.639","1.146"
"23:43:35.854, 6 de dez de 2022","0,1","0,0","308.281.376","101.121.584","27","21","2.639","1.146"
"23:43:36.855, 6 de dez de 2022","0,0","0,0","308.281.376","101.121.584","27","21","2.639","1.146"
"23:43:37.855, 6 de dez de 2022","0,1","0,0","308.281.376","101.121.584","27","21","2.639","1.146"
"23:43:38.855, 6 de dez de 2022","0,1","0,0","308.281.376","101.121.584","27","21","2.639","1.146"
"23:43:39.856, 6 de dez de 2022","0,3","0,0","308.281.376","101.121.584","27","21","2.639","1.146"
"23:43:40.856, 6 de dez de 2022","0,1","0,0","308.281.376","102.170.160","27","21","2.639","1.146"
"23:43:41.856, 6 de dez de 2022","0,1","0,0","308.281.376","102.170.160","27","21","2.639","1.146"
"23:43:42.857, 6 de dez de 2022","0,0","0,0","308.281.376","102.170.160","27","21","2.639","1.146"
"23:43:43.857, 6 de dez de 2022","0,7","0,0","308.281.376","102.170.160","27","21","2.639","1.146"
"23:43:44.857, 6 de dez de 2022","0,0","0,0","308.281.376","102.170.160","27","21","2.639","1.146"
"23:43:45.857, 6 de dez de 2022","0,1","0,0","308.281.376","102.170.160","27","21","2.639","1.146"
"23:43:46.858, 6 de dez de 2022","0,1","0,0","308.281.376","103.218.736","27","21","2.639","1.146"
"23:43:47.858, 6 de dez de 2022","0,1","0,0","308.281.376","103.218.736","27","21","2.639","1.146"
"23:43:48.858, 6 de dez de 2022","0,0","0,0","308.281.376","103.218.736","27","21","2.639","1.146"
"23:43:49.859, 6 de dez de 2022","0,2","0,0","308.281.376","103.218.736","26","20","2.639","1.146"
"23:43:50.859, 6 de dez de 2022","0,0","0,0","308.281.376","103.218.736","26","20","2.639","1.146"
"23:43:51.859, 6 de dez de 2022","0,2","0,0","308.281.376","103.218.736","26","20","2.639","1.146"
"23:43:52.860, 6 de dez de 2022","0,0","0,0","308.281.376","103.218.736","26","20","2.639","1.146"
"23:43:53.860, 6 de dez de 2022","0,1","0,0","308.281.376","104.267.312","26","20","2.639","1.146"
"23:43:54.860, 6 de dez de 2022","0,1","0,0","308.281.376","104.267.312","26","20","2.639","1.146"
"23:43:55.861, 6 de dez de 2022","0,2","0,0","308.281.376","104.267.312","26","20","2.639","1.146"
"23:43:56.861, 6 de dez de 2022","0,1","0,0","308.281.376","104.267.312","26","20","2.639","1.146"
"23:43:57.861, 6 de dez de 2022","0,0","0,0","308.281.376","104.267.312","26","20","2.639","1.146"
"23:43:58.862, 6 de dez de 2022","0,1","0,0","308.281.376","104.267.312","26","20","2.639","1.146"
"23:43:59.862, 6 de dez de 2022","0,1","0,0","308.281.376","105.315.888","26","20","2.639","1.146"
"23:44:00.862, 6 de dez de 2022","0,1","0,0","308.281.376","105.315.888","26","20","2.639","1.146"
"23:44:01.863, 6 de dez de 2022","0,1","0,0","308.281.376","105.315.888","26","20","2.639","1.146"
"23:44:02.863, 6 de dez de 2022","0,1","0,0","308.281.376","105.315.888","26","20","2.639","1.146"
"23:44:03.863, 6 de dez de 2022","0,1","0,0","308.281.376","105.315.888","26","20","2.639","1.146"
"23:44:04.864, 6 de dez de 2022","0,0","0,0","308.281.376","105.315.888","26","20","2.639","1.146"
"23:44:05.864, 6 de dez de 2022","0,1","0,0","308.281.376","105.315.888","26","20","2.639","1.146"
"23:44:06.864, 6 de dez de 2022","0,1","0,0","308.281.376","106.364.464","26","20","2.639","1.146"
"23:44:07.865, 6 de dez de 2022","0,1","0,0","308.281.376","106.364.464","26","20","2.639","1.146"
"23:44:08.865, 6 de dez de 2022","0,1","0,0","308.281.376","106.364.464","26","20","2.639","1.146"
"23:44:09.865, 6 de dez de 2022","0,1","0,0","308.281.376","106.364.464","26","20","2.639","1.146"
"23:44:10.866, 6 de dez de 2022","0,0","0,0","308.281.376","106.364.464","26","20","2.639","1.146"
"23:44:11.866, 6 de dez de 2022","0,1","0,0","308.281.376","106.364.464","26","20","2.639","1.146"
"23:44:12.866, 6 de dez de 2022","0,1","0,0","308.281.376","107.413.040","26","20","2.639","1.146"
"23:44:13.867, 6 de dez de 2022","0,2","0,0","308.281.376","107.413.040","26","20","2.639","1.146"
"23:44:14.867, 6 de dez de 2022","0,1","0,0","308.281.376","107.413.040","26","20","2.639","1.146"
"23:44:15.867, 6 de dez de 2022","0,0","0,0","308.281.376","107.413.040","26","20","2.639","1.146"
"23:44:16.868, 6 de dez de 2022","0,1","0,0","308.281.376","107.413.040","26","20","2.639","1.146"
"23:44:17.868, 6 de dez de 2022","0,1","0,0","308.281.376","107.413.040","26","20","2.639","1.146"
"23:44:18.868, 6 de dez de 2022","0,1","0,0","308.281.376","107.413.040","26","20","2.639","1.146"
"23:44:19.869, 6 de dez de 2022","0,1","0,0","308.281.376","108.461.616","25","19","2.639","1.146"
"23:44:20.869, 6 de dez de 2022","0,1","0,0","308.281.376","108.461.616","25","19","2.639","1.146"
"23:44:21.869, 6 de dez de 2022","0,0","0,0","308.281.376","108.461.616","25","19","2.639","1.146"
"23:44:22.869, 6 de dez de 2022","0,1","0,0","308.281.376","108.461.616","25","19","2.639","1.146"
"23:44:23.870, 6 de dez de 2022","0,2","0,0","308.281.376","108.461.616","25","19","2.639","1.146"
"23:44:24.870, 6 de dez de 2022","0,1","0,0","308.281.376","108.461.616","25","19","2.639","1.146"
"23:44:25.870, 6 de dez de 2022","0,1","0,0","308.281.376","109.510.192","25","19","2.639","1.146"
"23:44:26.871, 6 de dez de 2022","0,0","0,0","308.281.376","109.510.192","25","19","2.639","1.146"
"23:44:27.871, 6 de dez de 2022","0,1","0,0","308.281.376","109.510.192","25","19","2.639","1.146"
"23:44:28.871, 6 de dez de 2022","0,1","0,0","308.281.376","109.510.192","25","19","2.639","1.146"
"23:44:29.872, 6 de dez de 2022","0,1","0,0","308.281.376","109.510.192","25","19","2.639","1.146"
"23:44:30.872, 6 de dez de 2022","0,1","0,0","308.281.376","109.510.192","25","19","2.639","1.146"
"23:44:31.873, 6 de dez de 2022","0,1","0,0","308.281.376","109.510.192","25","19","2.639","1.146"
"23:44:32.873, 6 de dez de 2022","0,0","0,0","308.281.376","110.558.768","25","19","2.639","1.146"
"23:44:33.873, 6 de dez de 2022","0,2","0,0","308.281.376","110.558.768","25","19","2.639","1.146"
"23:44:34.873, 6 de dez de 2022","0,0","0,0","308.281.376","110.558.768","25","19","2.639","1.146"
"23:44:35.874, 6 de dez de 2022","0,1","0,0","308.281.376","110.558.768","25","19","2.639","1.146"
"23:44:36.874, 6 de dez de 2022","0,2","0,0","308.281.376","110.558.768","25","19","2.639","1.146"
"23:44:37.874, 6 de dez de 2022","0,1","0,0","308.281.376","110.558.768","25","19","2.639","1.146"
"23:44:38.875, 6 de dez de 2022","0,2","0,0","308.281.376","110.558.768","25","19","2.639","1.146"
"23:44:39.875, 6 de dez de 2022","0,0","0,0","308.281.376","111.607.344","25","19","2.639","1.146"
"23:44:40.876, 6 de dez de 2022","0,1","0,0","308.281.376","111.607.344","25","19","2.639","1.146"
"23:44:41.876, 6 de dez de 2022","0,1","0,0","308.281.376","111.607.344","25","19","2.639","1.146"
"23:44:42.876, 6 de dez de 2022","0,0","0,0","308.281.376","111.607.344","25","19","2.639","1.146"
"23:44:43.877, 6 de dez de 2022","0,2","0,0","308.281.376","111.607.344","25","19","2.639","1.146"
"23:44:44.877, 6 de dez de 2022","0,0","0,0","308.281.376","111.607.344","25","19","2.639","1.146"
"23:44:45.877, 6 de dez de 2022","0,2","0,0","308.281.376","111.607.344","25","19","2.639","1.146"
"23:44:46.878, 6 de dez de 2022","0,1","0,0","308.281.376","112.655.920","25","19","2.639","1.146"
"23:44:47.878, 6 de dez de 2022","0,0","0,0","308.281.376","112.655.920","25","19","2.639","1.146"
"23:44:48.878, 6 de dez de 2022","0,2","0,0","308.281.376","112.655.920","25","19","2.639","1.146"
"23:44:49.879, 6 de dez de 2022","0,0","0,0","308.281.376","112.655.920","24","18","2.639","1.146"
"23:44:50.879, 6 de dez de 2022","0,1","0,0","308.281.376","112.655.920","24","18","2.639","1.146"
"23:44:51.879, 6 de dez de 2022","0,1","0,0","308.281.376","112.655.920","24","18","2.639","1.146"
"23:44:52.880, 6 de dez de 2022","0,1","0,0","308.281.376","113.704.496","24","18","2.639","1.146"
"23:44:53.880, 6 de dez de 2022","0,1","0,0","308.281.376","113.704.496","24","18","2.639","1.146"
"23:44:54.880, 6 de dez de 2022","0,0","0,0","308.281.376","113.704.496","24","18","2.639","1.146"
"23:44:55.881, 6 de dez de 2022","0,1","0,0","308.281.376","113.704.496","24","18","2.639","1.146"
"23:44:56.881, 6 de dez de 2022","0,2","0,0","308.281.376","113.704.496","24","18","2.639","1.146"
"23:44:57.881, 6 de dez de 2022","0,0","0,0","308.281.376","113.704.496","24","18","2.639","1.146"
"23:44:58.882, 6 de dez de 2022","0,1","0,0","308.281.376","113.704.496","24","18","2.639","1.146"
"23:44:59.882, 6 de dez de 2022","0,1","0,0","308.281.376","114.753.072","24","18","2.639","1.146"
"23:45:00.882, 6 de dez de 2022","0,1","0,0","308.281.376","114.753.072","24","18","2.639","1.146"
"23:45:01.883, 6 de dez de 2022","0,1","0,0","308.281.376","114.753.072","24","18","2.639","1.146"
"23:45:02.883, 6 de dez de 2022","0,1","0,0","308.281.376","114.753.072","24","18","2.639","1.146"
"23:45:03.883, 6 de dez de 2022","0,1","0,0","308.281.376","114.753.072","24","18","2.639","1.146"
"23:45:04.884, 6 de dez de 2022","0,1","0,0","308.281.376","114.753.072","24","18","2.639","1.146"
"23:45:05.884, 6 de dez de 2022","0,1","0,0","308.281.376","114.753.072","24","18","2.639","1.146"
"23:45:06.884, 6 de dez de 2022","0,1","0,0","308.281.376","115.801.648","24","18","2.639","1.146"
"23:45:07.885, 6 de dez de 2022","0,1","0,0","308.281.376","115.801.648","24","18","2.639","1.146"
"23:45:08.885, 6 de dez de 2022","0,1","0,0","308.281.376","115.801.648","24","18","2.639","1.146"
"23:45:09.885, 6 de dez de 2022","0,0","0,0","308.281.376","115.801.648","24","18","2.639","1.146"
"23:45:10.886, 6 de dez de 2022","0,2","0,0","308.281.376","115.801.648","24","18","2.639","1.146"
"23:45:11.886, 6 de dez de 2022","0,1","0,0","308.281.376","115.801.648","24","18","2.639","1.146"
"23:45:12.886, 6 de dez de 2022","0,0","0,0","308.281.376","115.801.648","24","18","2.639","1.146"
"23:45:13.887, 6 de dez de 2022","0,2","0,0","308.281.376","116.850.224","24","18","2.639","1.146"
"23:45:14.887, 6 de dez de 2022","0,1","0,0","308.281.376","116.850.224","24","18","2.639","1.146"
"23:45:15.887, 6 de dez de 2022","0,1","0,0","308.281.376","116.850.224","24","18","2.639","1.146"
"23:45:16.888, 6 de dez de 2022","0,0","0,0","308.281.376","116.850.224","24","18","2.639","1.146"
"23:45:17.888, 6 de dez de 2022","0,1","0,0","308.281.376","116.850.224","24","18","2.639","1.146"
"23:45:18.888, 6 de dez de 2022","0,1","0,0","308.281.376","116.850.224","24","18","2.639","1.146"
"23:45:19.889, 6 de dez de 2022","0,0","0,0","308.281.376","116.850.224","23","17","2.639","1.146"
"23:45:20.889, 6 de dez de 2022","0,2","0,0","308.281.376","117.898.800","23","17","2.639","1.146"
"23:45:21.889, 6 de dez de 2022","0,1","0,0","308.281.376","117.898.800","23","17","2.639","1.146"
"23:45:22.890, 6 de dez de 2022","0,0","0,0","308.281.376","117.898.800","23","17","2.639","1.146"
"23:45:23.890, 6 de dez de 2022","0,1","0,0","308.281.376","117.898.800","23","17","2.639","1.146"
"23:45:24.890, 6 de dez de 2022","0,1","0,0","308.281.376","117.898.800","23","17","2.639","1.146"
"23:45:25.891, 6 de dez de 2022","0,1","0,0","308.281.376","117.898.800","23","17","2.639","1.146"
"23:45:26.891, 6 de dez de 2022","0,1","0,0","308.281.376","117.898.800","23","17","2.639","1.146"
"23:45:27.891, 6 de dez de 2022","0,1","0,0","308.281.376","118.947.376","23","17","2.639","1.146"
"23:45:28.892, 6 de dez de 2022","0,0","0,0","308.281.376","118.947.376","23","17","2.639","1.146"
"23:45:29.892, 6 de dez de 2022","0,1","0,0","308.281.376","118.947.376","23","17","2.639","1.146"
"23:45:30.892, 6 de dez de 2022","0,1","0,0","308.281.376","118.947.376","23","17","2.639","1.146"
"23:45:31.893, 6 de dez de 2022","0,1","0,0","308.281.376","118.947.376","23","17","2.639","1.146"
"23:45:32.893, 6 de dez de 2022","0,0","0,0","308.281.376","118.947.376","23","17","2.639","1.146"
"23:45:33.893, 6 de dez de 2022","0,1","0,0","308.281.376","119.995.952","23","17","2.639","1.146"
"23:45:34.894, 6 de dez de 2022","0,2","0,0","308.281.376","119.995.952","23","17","2.639","1.146"
"23:45:35.894, 6 de dez de 2022","0,1","0,0","308.281.376","119.995.952","23","17","2.639","1.146"
"23:45:36.894, 6 de dez de 2022","0,0","0,0","308.281.376","119.995.952","23","17","2.639","1.146"
"23:45:37.895, 6 de dez de 2022","0,1","0,0","308.281.376","119.995.952","23","17","2.639","1.146"
"23:45:38.895, 6 de dez de 2022","0,1","0,0","308.281.376","119.995.952","23","17","2.639","1.146"
"23:45:39.895, 6 de dez de 2022","0,1","0,0","308.281.376","119.995.952","23","17","2.639","1.146"
"23:45:40.896, 6 de dez de 2022","0,1","0,0","308.281.376","121.044.528","23","17","2.639","1.146"
"23:45:41.896, 6 de dez de 2022","0,0","0,0","308.281.376","121.044.528","23","17","2.639","1.146"
"23:45:42.896, 6 de dez de 2022","0,1","0,0","308.281.376","121.044.528","23","17","2.639","1.146"
"23:45:43.897, 6 de dez de 2022","0,1","0,0","308.281.376","121.044.528","23","17","2.639","1.146"
"23:45:44.897, 6 de dez de 2022","0,1","0,0","308.281.376","121.044.528","23","17","2.639","1.146"
"23:45:45.897, 6 de dez de 2022","0,1","0,0","308.281.376","121.044.528","23","17","2.639","1.146"
"23:45:46.898, 6 de dez de 2022","0,0","0,0","308.281.376","121.044.528","23","17","2.639","1.146"
"23:45:47.898, 6 de dez de 2022","0,2","0,0","308.281.376","122.093.104","23","17","2.639","1.146"
"23:45:48.898, 6 de dez de 2022","0,1","0,0","308.281.376","122.093.104","23","17","2.639","1.146"
"23:45:49.899, 6 de dez de 2022","0,0","0,0","308.281.376","122.093.104","22","16","2.639","1.146"
"23:45:50.899, 6 de dez de 2022","0,1","0,0","308.281.376","122.093.104","22","16","2.639","1.146"
"23:45:51.899, 6 de dez de 2022","0,1","0,0","308.281.376","122.093.104","22","16","2.639","1.146"
"23:45:52.900, 6 de dez de 2022","0,1","0,0","308.281.376","122.093.104","22","16","2.639","1.146"
"23:45:53.900, 6 de dez de 2022","0,1","0,0","308.281.376","122.093.104","22","16","2.639","1.146"
"23:45:54.900, 6 de dez de 2022","0,1","0,0","308.281.376","123.141.680","22","16","2.639","1.146"
"23:45:55.901, 6 de dez de 2022","0,1","0,0","308.281.376","123.141.680","22","16","2.639","1.146"
"23:45:56.901, 6 de dez de 2022","0,1","0,0","308.281.376","123.141.680","22","16","2.639","1.146"
"23:45:57.901, 6 de dez de 2022","0,1","0,0","308.281.376","123.141.680","22","16","2.639","1.146"
"23:45:58.902, 6 de dez de 2022","0,0","0,0","308.281.376","123.141.680","22","16","2.639","1.146"
"23:45:59.902, 6 de dez de 2022","0,1","0,0","308.281.376","123.141.680","22","16","2.639","1.146"
"23:46:00.902, 6 de dez de 2022","0,1","0,0","308.281.376","123.141.680","22","16","2.639","1.146"
"23:46:01.903, 6 de dez de 2022","0,0","0,0","308.281.376","123.141.680","22","16","2.639","1.146"
"23:46:02.903, 6 de dez de 2022","0,2","0,0","308.281.376","124.190.256","22","16","2.639","1.146"
"23:46:03.903, 6 de dez de 2022","0,0","0,0","308.281.376","124.190.256","22","16","2.639","1.146"
"23:46:04.904, 6 de dez de 2022","0,2","0,0","308.281.376","124.190.256","22","16","2.639","1.146"
"23:46:05.904, 6 de dez de 2022","0,1","0,0","308.281.376","124.190.256","22","16","2.639","1.146"
"23:46:06.904, 6 de dez de 2022","0,0","0,0","308.281.376","124.190.256","22","16","2.639","1.146"
"23:46:07.905, 6 de dez de 2022","0,1","0,0","308.281.376","124.190.256","22","16","2.639","1.146"
"23:46:08.905, 6 de dez de 2022","0,1","0,0","308.281.376","124.190.256","22","16","2.639","1.146"
"23:46:09.905, 6 de dez de 2022","0,1","0,0","308.281.376","125.238.832","22","16","2.639","1.146"
"23:46:10.906, 6 de dez de 2022","0,0","0,0","308.281.376","125.238.832","22","16","2.639","1.146"
"23:46:11.906, 6 de dez de 2022","0,1","0,0","308.281.376","125.238.832","22","16","2.639","1.146"
"23:46:12.906, 6 de dez de 2022","0,1","0,0","308.281.376","125.238.832","22","16","2.639","1.146"
"23:46:13.907, 6 de dez de 2022","0,1","0,0","308.281.376","125.238.832","22","16","2.639","1.146"
"23:46:14.907, 6 de dez de 2022","0,0","0,0","308.281.376","125.238.832","22","16","2.639","1.146"
"23:46:15.907, 6 de dez de 2022","0,2","0,0","308.281.376","125.238.832","22","16","2.639","1.146"
"23:46:16.907, 6 de dez de 2022","0,1","0,0","308.281.376","126.287.408","22","16","2.639","1.146"
"23:46:17.908, 6 de dez de 2022","0,1","0,0","308.281.376","126.287.408","22","16","2.639","1.146"
"23:46:18.908, 6 de dez de 2022","0,0","0,0","308.281.376","126.287.408","22","16","2.639","1.146"
"23:46:19.908, 6 de dez de 2022","0,1","0,0","308.281.376","126.287.408","21","15","2.639","1.146"
"23:46:20.909, 6 de dez de 2022","0,1","0,0","308.281.376","126.287.408","21","15","2.639","1.146"
"23:46:21.909, 6 de dez de 2022","0,1","0,0","308.281.376","126.287.408","21","15","2.639","1.146"
"23:46:22.909, 6 de dez de 2022","0,1","0,0","308.281.376","126.287.408","21","15","2.639","1.146"
"23:46:23.910, 6 de dez de 2022","0,1","0,0","308.281.376","127.335.984","21","15","2.639","1.146"
"23:46:24.910, 6 de dez de 2022","0,0","0,0","308.281.376","127.335.984","21","15","2.639","1.146"
"23:46:25.910, 6 de dez de 2022","0,1","0,0","308.281.376","127.335.984","21","15","2.639","1.146"
"23:46:26.911, 6 de dez de 2022","0,1","0,0","308.281.376","127.335.984","21","15","2.639","1.146"
"23:46:27.911, 6 de dez de 2022","0,2","0,0","308.281.376","127.335.984","21","15","2.639","1.146"
"23:46:28.911, 6 de dez de 2022","0,0","0,0","308.281.376","127.335.984","21","15","2.639","1.146"
"23:46:29.912, 6 de dez de 2022","0,1","0,0","308.281.376","127.335.984","21","15","2.639","1.146"
"23:46:30.912, 6 de dez de 2022","0,1","0,0","308.281.376","128.384.560","21","15","2.639","1.146"
"23:46:31.912, 6 de dez de 2022","0,1","0,0","308.281.376","128.384.560","21","15","2.639","1.146"
"23:46:32.913, 6 de dez de 2022","0,0","0,0","308.281.376","128.384.560","21","15","2.639","1.146"
"23:46:33.913, 6 de dez de 2022","0,2","0,0","308.281.376","128.384.560","21","15","2.639","1.146"
"23:46:34.913, 6 de dez de 2022","0,1","0,0","308.281.376","129.433.136","21","15","2.639","1.146"
"23:46:35.913, 6 de dez de 2022","0,1","0,0","308.281.376","129.433.136","21","15","2.639","1.146"
"23:46:36.914, 6 de dez de 2022","0,1","0,0","308.281.376","129.433.136","21","15","2.639","1.146"
"23:46:37.914, 6 de dez de 2022","0,0","0,0","308.281.376","129.433.136","21","15","2.639","1.146"
"23:46:38.914, 6 de dez de 2022","0,1","0,0","308.281.376","129.433.136","21","15","2.639","1.146"
"23:46:39.915, 6 de dez de 2022","0,1","0,0","308.281.376","129.433.136","21","15","2.639","1.146"
"23:46:40.915, 6 de dez de 2022","0,1","0,0","308.281.376","129.433.136","21","15","2.639","1.146"
"23:46:41.915, 6 de dez de 2022","0,1","0,0","308.281.376","129.433.136","21","15","2.639","1.146"
"23:46:42.916, 6 de dez de 2022","0,1","0,0","308.281.376","130.481.712","21","15","2.639","1.146"
"23:46:43.916, 6 de dez de 2022","0,1","0,0","308.281.376","130.481.712","21","15","2.639","1.146"
"23:46:44.916, 6 de dez de 2022","0,1","0,0","308.281.376","130.481.712","21","15","2.639","1.146"
"23:46:45.917, 6 de dez de 2022","0,3","0,0","308.281.376","130.481.712","21","15","2.639","1.146"
"23:46:46.917, 6 de dez de 2022","0,0","0,0","308.281.376","130.481.712","21","15","2.639","1.146"
"23:46:47.917, 6 de dez de 2022","0,1","0,0","308.281.376","130.481.712","21","15","2.639","1.146"
"23:46:48.918, 6 de dez de 2022","0,1","0,0","308.281.376","130.481.712","21","15","2.639","1.146"
"23:46:49.918, 6 de dez de 2022","0,2","0,0","308.281.376","131.530.288","21","15","2.639","1.146"
"23:46:50.918, 6 de dez de 2022","0,0","0,0","308.281.376","131.530.288","21","15","2.639","1.146"
"23:46:51.919, 6 de dez de 2022","0,0","0,0","308.281.376","131.530.288","21","15","2.639","1.146"
"23:46:52.919, 6 de dez de 2022","0,1","0,0","308.281.376","131.530.288","21","15","2.639","1.146"
"23:46:53.919, 6 de dez de 2022","0,1","0,0","308.281.376","131.530.288","21","15","2.639","1.146"
"23:46:54.920, 6 de dez de 2022","0,1","0,0","308.281.376","131.530.288","21","15","2.639","1.146"
"23:46:55.920, 6 de dez de 2022","0,1","0,0","308.281.376","131.530.288","21","15","2.639","1.146"
"23:46:56.920, 6 de dez de 2022","0,1","0,0","308.281.376","131.530.288","21","15","2.639","1.146"
"23:46:57.921, 6 de dez de 2022","0,1","0,0","308.281.376","132.578.864","21","15","2.639","1.146"
"23:46:58.921, 6 de dez de 2022","0,1","0,0","308.281.376","132.578.864","21","15","2.639","1.146"
"23:46:59.921, 6 de dez de 2022","0,1","0,0","308.281.376","132.578.864","21","15","2.639","1.146"
"23:47:00.921, 6 de dez de 2022","0,0","0,0","308.281.376","132.578.864","21","15","2.639","1.146"
"23:47:01.922, 6 de dez de 2022","0,2","0,0","308.281.376","132.578.864","21","15","2.639","1.146"
"23:47:02.922, 6 de dez de 2022","0,1","0,0","308.281.376","132.578.864","21","15","2.639","1.146"
"23:47:03.922, 6 de dez de 2022","0,1","0,0","308.281.376","132.578.864","21","15","2.639","1.146"
"23:47:04.923, 6 de dez de 2022","0,0","0,0","308.281.376","133.627.440","21","15","2.639","1.146"
"23:47:05.923, 6 de dez de 2022","0,1","0,0","308.281.376","133.627.440","21","15","2.639","1.146"
"23:47:06.923, 6 de dez de 2022","0,1","0,0","308.281.376","133.627.440","21","15","2.639","1.146"
"23:47:07.924, 6 de dez de 2022","0,2","0,0","308.281.376","133.627.440","21","15","2.639","1.146"
"23:47:08.924, 6 de dez de 2022","0,1","0,0","308.281.376","133.627.440","21","15","2.639","1.146"
"23:47:09.924, 6 de dez de 2022","0,0","0,0","308.281.376","133.627.440","21","15","2.639","1.146"
"23:47:10.925, 6 de dez de 2022","0,1","0,0","308.281.376","133.627.440","21","15","2.639","1.146"
"23:47:11.925, 6 de dez de 2022","0,1","0,0","308.281.376","133.627.440","21","15","2.639","1.146"
"23:47:12.925, 6 de dez de 2022","0,1","0,0","308.281.376","134.676.016","21","15","2.639","1.146"
"23:47:13.926, 6 de dez de 2022","0,1","0,0","308.281.376","134.676.016","21","15","2.639","1.146"
"23:47:14.926, 6 de dez de 2022","0,1","0,0","308.281.376","134.676.016","21","15","2.639","1.146"
"23:47:15.926, 6 de dez de 2022","0,0","0,0","308.281.376","134.676.016","21","15","2.639","1.146"
"23:47:16.927, 6 de dez de 2022","0,2","0,0","308.281.376","134.676.016","21","15","2.639","1.146"
"23:47:17.927, 6 de dez de 2022","0,0","0,0","308.281.376","134.676.016","21","15","2.639","1.146"
"23:47:18.927, 6 de dez de 2022","0,1","0,0","308.281.376","134.676.016","21","15","2.639","1.146"
"23:47:19.928, 6 de dez de 2022","0,1","0,0","308.281.376","135.724.592","21","15","2.639","1.146"
"23:47:20.928, 6 de dez de 2022","0,1","0,0","308.281.376","135.724.592","21","15","2.639","1.146"
"23:47:21.928, 6 de dez de 2022","0,1","0,0","308.281.376","135.724.592","21","15","2.639","1.146"
"23:47:22.929, 6 de dez de 2022","0,1","0,0","308.281.376","135.724.592","21","15","2.639","1.146"
"23:47:23.929, 6 de dez de 2022","0,0","0,0","308.281.376","135.724.592","21","15","2.639","1.146"
"23:47:24.929, 6 de dez de 2022","0,1","0,0","308.281.376","135.724.592","21","15","2.639","1.146"
"23:47:25.929, 6 de dez de 2022","0,1","0,0","308.281.376","135.724.592","21","15","2.639","1.146"
"23:47:26.930, 6 de dez de 2022","0,2","0,0","308.281.376","135.724.592","21","15","2.639","1.146"
"23:47:27.930, 6 de dez de 2022","0,1","0,0","308.281.376","136.773.168","21","15","2.639","1.146"
"23:47:28.930, 6 de dez de 2022","0,0","0,0","308.281.376","136.773.168","21","15","2.639","1.146"
"23:47:29.931, 6 de dez de 2022","0,1","0,0","308.281.376","136.773.168","21","15","2.639","1.146"
"23:47:30.931, 6 de dez de 2022","0,1","0,0","308.281.376","136.773.168","21","15","2.639","1.146"
"23:47:31.931, 6 de dez de 2022","0,1","0,0","308.281.376","136.773.168","21","15","2.639","1.146"
"23:47:32.932, 6 de dez de 2022","0,1","0,0","308.281.376","136.773.168","21","15","2.639","1.146"
"23:47:33.932, 6 de dez de 2022","0,1","0,0","308.281.376","136.773.168","21","15","2.639","1.146"
"23:47:34.932, 6 de dez de 2022","0,1","0,0","308.281.376","137.821.744","21","15","2.639","1.146"
"23:47:35.933, 6 de dez de 2022","0,0","0,0","308.281.376","137.821.744","21","15","2.639","1.146"
"23:47:36.933, 6 de dez de 2022","0,1","0,0","308.281.376","137.821.744","21","15","2.639","1.146"
"23:47:37.933, 6 de dez de 2022","0,2","0,0","308.281.376","137.821.744","21","15","2.639","1.146"
"23:47:38.934, 6 de dez de 2022","0,0","0,0","308.281.376","137.821.744","21","15","2.639","1.146"
"23:47:39.934, 6 de dez de 2022","0,1","0,0","308.281.376","137.821.744","21","15","2.639","1.146"
"23:47:40.934, 6 de dez de 2022","0,0","0,0","308.281.376","137.821.744","21","15","2.639","1.146"
"23:47:41.935, 6 de dez de 2022","0,1","0,0","308.281.376","137.821.744","21","15","2.639","1.146"
"23:47:42.935, 6 de dez de 2022","0,2","0,0","308.281.376","138.870.320","21","15","2.639","1.146"
"23:47:43.935, 6 de dez de 2022","0,1","0,0","308.281.376","138.870.320","21","15","2.639","1.146"
"23:47:44.936, 6 de dez de 2022","0,0","0,0","308.281.376","138.870.320","21","15","2.639","1.146"
"23:47:45.936, 6 de dez de 2022","0,1","0,0","308.281.376","138.870.320","21","15","2.639","1.146"
"23:47:46.936, 6 de dez de 2022","0,2","0,0","308.281.376","138.870.320","21","15","2.639","1.146"
"23:47:47.937, 6 de dez de 2022","0,0","0,0","308.281.376","138.870.320","21","15","2.639","1.146"
"23:47:48.937, 6 de dez de 2022","0,2","0,0","308.281.376","138.870.320","21","15","2.639","1.146"
"23:47:49.937, 6 de dez de 2022","0,2","0,0","308.281.376","139.918.896","21","15","2.639","1.146"
"23:47:50.937, 6 de dez de 2022","0,1","0,0","308.281.376","139.918.896","21","15","2.639","1.146"
"23:47:51.938, 6 de dez de 2022","0,1","0,0","308.281.376","139.918.896","21","15","2.639","1.146"
"23:47:52.938, 6 de dez de 2022","0,1","0,0","308.281.376","139.918.896","21","15","2.639","1.146"
"23:47:53.938, 6 de dez de 2022","0,2","0,0","308.281.376","139.918.896","21","15","2.639","1.146"
"23:47:54.938, 6 de dez de 2022","0,0","0,0","308.281.376","139.918.896","21","15","2.639","1.146"
"23:47:55.939, 6 de dez de 2022","0,1","0,0","308.281.376","139.918.896","21","15","2.639","1.146"
"23:47:56.939, 6 de dez de 2022","0,1","0,0","308.281.376","139.918.896","21","15","2.639","1.146"
"23:47:57.939, 6 de dez de 2022","0,1","0,0","308.281.376","140.967.472","21","15","2.639","1.146"
"23:47:58.940, 6 de dez de 2022","0,1","0,0","308.281.376","140.967.472","21","15","2.639","1.146"
"23:47:59.940, 6 de dez de 2022","0,0","0,0","308.281.376","140.967.472","21","15","2.639","1.146"
"23:48:00.940, 6 de dez de 2022","0,1","0,0","308.281.376","140.967.472","21","15","2.639","1.146"
"23:48:01.941, 6 de dez de 2022","0,1","0,0","308.281.376","140.967.472","21","15","2.639","1.146"
"23:48:02.941, 6 de dez de 2022","0,1","0,0","308.281.376","140.967.472","21","15","2.639","1.146"
"23:48:03.941, 6 de dez de 2022","0,0","0,0","308.281.376","140.967.472","21","15","2.639","1.146"
"23:48:04.942, 6 de dez de 2022","0,1","0,0","308.281.376","142.016.048","21","15","2.639","1.146"
"23:48:05.942, 6 de dez de 2022","0,2","0,0","308.281.376","142.016.048","21","15","2.639","1.146"
"23:48:06.942, 6 de dez de 2022","0,0","0,0","308.281.376","142.016.048","21","15","2.639","1.146"
"23:48:07.943, 6 de dez de 2022","0,2","0,0","308.281.376","142.016.048","21","15","2.639","1.146"
"23:48:08.943, 6 de dez de 2022","0,1","0,0","308.281.376","142.016.048","21","15","2.639","1.146"
"23:48:09.943, 6 de dez de 2022","0,0","0,0","308.281.376","142.016.048","21","15","2.639","1.146"
"23:48:10.944, 6 de dez de 2022","0,1","0,0","308.281.376","142.016.048","21","15","2.639","1.146"
"23:48:11.944, 6 de dez de 2022","0,1","0,0","308.281.376","142.016.048","21","15","2.639","1.146"
"23:48:12.944, 6 de dez de 2022","0,1","0,0","308.281.376","143.064.624","21","15","2.639","1.146"
"23:48:13.945, 6 de dez de 2022","0,1","0,0","308.281.376","143.064.624","21","15","2.639","1.146"
"23:48:14.945, 6 de dez de 2022","0,0","0,0","308.281.376","143.064.624","21","15","2.639","1.146"
"23:48:15.945, 6 de dez de 2022","0,2","0,0","308.281.376","143.064.624","21","15","2.639","1.146"
"23:48:16.946, 6 de dez de 2022","0,0","0,0","308.281.376","143.064.624","21","15","2.639","1.146"
"23:48:17.946, 6 de dez de 2022","0,4","0,0","308.281.376","143.064.624","21","15","2.639","1.146"
"23:48:18.946, 6 de dez de 2022","0,1","0,0","308.281.376","143.064.624","21","15","2.639","1.146"
"23:48:19.947, 6 de dez de 2022","0,2","0,0","308.281.376","144.113.200","21","15","2.639","1.146"
"23:48:20.947, 6 de dez de 2022","0,1","0,0","308.281.376","144.113.200","21","15","2.639","1.146"
"23:48:21.947, 6 de dez de 2022","0,0","0,0","308.281.376","144.113.200","21","15","2.639","1.146"
"23:48:22.948, 6 de dez de 2022","0,1","0,0","308.281.376","144.113.200","21","15","2.639","1.146"
"23:48:23.948, 6 de dez de 2022","0,1","0,0","308.281.376","144.113.200","21","15","2.639","1.146"
"23:48:24.948, 6 de dez de 2022","0,1","0,0","308.281.376","144.113.200","21","15","2.639","1.146"
"23:48:25.949, 6 de dez de 2022","0,1","0,0","308.281.376","144.113.200","21","15","2.639","1.146"
"23:48:26.949, 6 de dez de 2022","0,0","0,0","308.281.376","144.113.200","21","15","2.639","1.146"
"23:48:27.949, 6 de dez de 2022","0,1","0,0","308.281.376","145.161.776","21","15","2.639","1.146"
"23:48:28.950, 6 de dez de 2022","0,1","0,0","308.281.376","145.161.776","21","15","2.639","1.146"
"23:48:29.950, 6 de dez de 2022","0,1","0,0","308.281.376","145.161.776","21","15","2.639","1.146"
"23:48:30.950, 6 de dez de 2022","0,1","0,0","308.281.376","145.161.776","21","15","2.639","1.146"
"23:48:31.951, 6 de dez de 2022","0,1","0,0","308.281.376","145.161.776","21","15","2.639","1.146"
"23:48:32.951, 6 de dez de 2022","0,1","0,0","308.281.376","145.161.776","21","15","2.639","1.146"
"23:48:33.951, 6 de dez de 2022","0,1","0,0","308.281.376","145.161.776","21","15","2.639","1.146"
"23:48:34.951, 6 de dez de 2022","0,1","0,0","308.281.376","146.210.352","21","15","2.639","1.146"
"23:48:35.952, 6 de dez de 2022","0,1","0,0","308.281.376","146.210.352","21","15","2.639","1.146"
"23:48:36.952, 6 de dez de 2022","0,0","0,0","308.281.376","146.210.352","21","15","2.639","1.146"
"23:48:37.952, 6 de dez de 2022","0,1","0,0","308.281.376","146.210.352","21","15","2.639","1.146"
"23:48:38.953, 6 de dez de 2022","0,2","0,0","308.281.376","146.210.352","21","15","2.639","1.146"
"23:48:39.953, 6 de dez de 2022","0,4","0,0","308.281.376","146.210.352","21","15","2.639","1.146"
"23:48:40.953, 6 de dez de 2022","0,1","0,0","308.281.376","146.210.352","21","15","2.639","1.146"
"23:48:41.954, 6 de dez de 2022","0,1","0,0","308.281.376","146.210.352","21","15","2.639","1.146"
"23:48:42.954, 6 de dez de 2022","0,0","0,0","308.281.376","147.258.928","21","15","2.639","1.146"
"23:48:43.954, 6 de dez de 2022","0,1","0,0","308.281.376","147.258.928","21","15","2.639","1.146"
"23:48:44.955, 6 de dez de 2022","0,4","0,0","308.281.376","147.258.928","21","15","2.639","1.146"
"23:48:45.955, 6 de dez de 2022","0,2","0,0","308.281.376","147.258.928","21","15","2.639","1.146"
"23:48:46.970, 6 de dez de 2022","0,0","0,0","308.281.376","148.307.504","22","16","2.639","1.146"
"23:48:47.956, 6 de dez de 2022","0,1","0,0","308.281.376","148.307.504","22","16","2.639","1.146"
"23:48:48.956, 6 de dez de 2022","0,0","0,0","308.281.376","148.307.504","22","16","2.639","1.146"
"23:48:49.956, 6 de dez de 2022","0,1","0,0","308.281.376","148.307.504","22","16","2.639","1.146"
